2025-12-03 09:38:11,568 - ptz_service - INFO - Restart PTZ controller before move: camera1
2025-12-03 09:38:11,568 - ptz_service - WARNING - PTZController not found for camera camera1
2025-12-03 09:38:11,572 - ptz_service - WARNING - PTZController not found for camera camera1
2025-12-03 09:38:11,577 - ptz_service - WARNING - PTZController not found for camera camera1
2025-12-03 09:38:11,582 - ptz_service - WARNING - PTZController not found for camera camera1
2025-12-03 09:49:17,909 - ptz_service - INFO - Restart PTZ controller before move: camera1
2025-12-03 09:51:30,776 - ptz_service - INFO - PTZ camera1 moved to azimuth 0.00
2025-12-03 09:51:30,811 - ptz_service - INFO - PTZ set_zoom camera=camera1, delta=2.0
2025-12-03 09:51:30,833 - ptz_service - INFO - Restart PTZ controller before move: camera1
2025-12-03 09:53:45,944 - ptz_service - INFO - PTZ camera1 moved to azimuth 0.00
2025-12-03 09:53:45,947 - ptz_service - INFO - PTZ continuous_move camera=camera1, x=0.5, y=-0.5, zoom=0.1
2025-12-03 09:56:01,113 - ptz_service - INFO - PTZ stop camera=camera1, azimut=123.45
2025-12-03 09:56:01,115 - ptz_service - INFO - PTZ set_zoom camera=camera1, delta=0.3
2025-12-03 10:15:10,040 - ptz_service - INFO - Restart PTZ controller before move: camera1
2025-12-03 10:17:23,160 - ptz_service - INFO - PTZ camera1 moved to azimuth 0.00
2025-12-03 10:17:23,204 - ptz_service - INFO - Restart PTZ controller before move: camera1
2025-12-03 10:19:38,328 - ptz_service - INFO - PTZ camera1 moved to azimuth 0.00
2025-12-03 10:19:38,331 - ptz_service - INFO - PTZ continuous_move camera=camera1, x=0.5, y=-0.5, zoom=0.1
2025-12-03 10:21:53,496 - ptz_service - INFO - PTZ stop camera=camera1, azimut=123.45
2025-12-03 10:21:53,499 - ptz_service - INFO - PTZ set_zoom camera=camera1, delta=0.3
2025-12-03 10:28:04,181 - ptz_service - INFO - Restart PTZ controller before move: camera1
2025-12-03 10:30:17,304 - ptz_service - INFO - PTZ camera1 moved to azimuth 0.00
2025-12-03 11:03:54,586 - ptz_service - INFO - Restart PTZ controller before move: camera1
2025-12-03 11:06:07,704 - ptz_service - INFO - PTZ camera1 moved to azimuth 0.00
2025-12-03 12:15:46,631 - ptz_service - INFO - Restart PTZ controller before move: camera1
2025-12-03 12:15:46,632 - ptz_service - INFO - PTZ camera1 moved to azimuth 249.27
2025-12-03 12:15:49,649 - ptz_service - INFO - PTZ stop camera=camera1, azimut=None
2025-12-03 12:15:52,659 - ptz_service - INFO - PTZ stop camera=camera1, azimut=None
2025-12-03 12:15:53,666 - ptz_service - INFO - Restart PTZ controller before move: camera2
2025-12-03 12:15:53,668 - ptz_service - INFO - PTZ camera2 moved to azimuth 249.27
2025-12-03 12:15:56,679 - ptz_service - INFO - PTZ stop camera=camera2, azimut=None
2025-12-03 12:15:59,694 - ptz_service - INFO - PTZ stop camera=camera2, azimut=None
2025-12-03 12:18:35,298 - ptz_service - INFO - Restart PTZ controller before move: camera1
2025-12-03 12:18:35,299 - ptz_service - INFO - PTZ camera1 moved to azimuth 249.27
2025-12-03 12:18:36,307 - ptz_service - INFO - PTZ continuous_move camera=camera1, x=0.5, y=0.0, zoom=0.0
2025-12-03 12:18:38,319 - ptz_service - INFO - PTZ stop camera=camera1, azimut=None
2025-12-03 12:18:41,328 - ptz_service - INFO - PTZ stop camera=camera1, azimut=None
2025-12-03 12:18:42,336 - ptz_service - INFO - Restart PTZ controller before move: camera2
2025-12-03 12:18:42,337 - ptz_service - INFO - PTZ camera2 moved to azimuth 249.27
2025-12-03 12:18:43,342 - ptz_service - INFO - PTZ continuous_move camera=camera2, x=0.5, y=0.0, zoom=0.0
2025-12-03 12:18:45,349 - ptz_service - INFO - PTZ stop camera=camera2, azimut=None
2025-12-03 12:18:48,365 - ptz_service - INFO - PTZ stop camera=camera2, azimut=None
2025-12-03 12:20:22,177 - ptz_service - INFO - Restart PTZ controller before move: camera1
2025-12-03 12:20:22,178 - ptz_service - INFO - PTZ camera1 moved to azimuth 84.92
2025-12-03 12:20:26,188 - ptz_service - INFO - PTZ continuous_move camera=camera1, x=0.5, y=0.0, zoom=0.0
2025-12-03 12:20:28,196 - ptz_service - INFO - PTZ stop camera=camera1, azimut=None
2025-12-03 12:20:29,201 - ptz_service - INFO - PTZ continuous_move camera=camera1, x=-0.3, y=0.3, zoom=0.0
2025-12-03 12:20:31,207 - ptz_service - INFO - PTZ stop camera=camera1, azimut=None
2025-12-03 12:20:32,211 - ptz_service - INFO - Restart PTZ controller before move: camera2
2025-12-03 12:20:32,212 - ptz_service - INFO - PTZ camera2 moved to azimuth 84.92
2025-12-03 12:20:36,220 - ptz_service - INFO - PTZ continuous_move camera=camera2, x=0.5, y=0.0, zoom=0.0
2025-12-03 12:20:38,226 - ptz_service - INFO - PTZ stop camera=camera2, azimut=None
2025-12-03 12:20:39,233 - ptz_service - INFO - PTZ continuous_move camera=camera2, x=-0.3, y=0.3, zoom=0.0
2025-12-03 12:20:41,244 - ptz_service - INFO - PTZ stop camera=camera2, azimut=None
2025-12-03 12:26:40,908 - ptz_service - INFO - Restart PTZ controller before move: camera1
2025-12-03 12:26:40,909 - ptz_service - INFO - PTZ camera1 moved to azimuth 84.92
2025-12-03 12:26:44,920 - ptz_service - INFO - PTZ continuous_move camera=camera1, x=0.5, y=0.0, zoom=0.0
2025-12-03 12:26:46,931 - ptz_service - INFO - PTZ stop camera=camera1, azimut=None
2025-12-03 12:26:47,936 - ptz_service - INFO - PTZ continuous_move camera=camera1, x=-0.3, y=0.3, zoom=0.0
2025-12-03 12:26:49,942 - ptz_service - INFO - PTZ stop camera=camera1, azimut=None
2025-12-03 12:26:50,947 - ptz_service - INFO - Restart PTZ controller before move: camera2
2025-12-03 12:26:50,948 - ptz_service - INFO - PTZ camera2 moved to azimuth 84.92
2025-12-03 12:26:54,954 - ptz_service - INFO - PTZ continuous_move camera=camera2, x=0.5, y=0.0, zoom=0.0
2025-12-03 12:26:56,960 - ptz_service - INFO - PTZ stop camera=camera2, azimut=None
2025-12-03 12:26:57,963 - ptz_service - INFO - PTZ continuous_move camera=camera2, x=-0.3, y=0.3, zoom=0.0
2025-12-03 12:26:59,968 - ptz_service - INFO - PTZ stop camera=camera2, azimut=None
2025-12-03 12:35:26,949 - ptz_service - INFO - Restart PTZ controller before move: camera1
2025-12-03 12:35:26,950 - ptz_service - INFO - PTZ camera1 moved to azimuth 84.92
2025-12-03 12:35:30,957 - ptz_service - INFO - PTZ continuous_move camera=camera1, x=0.5, y=0.0, zoom=0.0
2025-12-03 12:35:32,964 - ptz_service - INFO - PTZ stop camera=camera1, azimut=None
2025-12-03 12:35:33,967 - ptz_service - INFO - PTZ continuous_move camera=camera1, x=-0.3, y=0.3, zoom=0.0
2025-12-03 12:35:35,973 - ptz_service - INFO - PTZ stop camera=camera1, azimut=None
2025-12-03 12:35:36,979 - ptz_service - INFO - Restart PTZ controller before move: camera2
2025-12-03 12:35:36,980 - ptz_service - INFO - PTZ camera2 moved to azimuth 84.92
2025-12-03 12:35:40,991 - ptz_service - INFO - PTZ continuous_move camera=camera2, x=0.5, y=0.0, zoom=0.0
2025-12-03 12:35:42,997 - ptz_service - INFO - PTZ stop camera=camera2, azimut=None
2025-12-03 12:35:44,001 - ptz_service - INFO - PTZ continuous_move camera=camera2, x=-0.3, y=0.3, zoom=0.0
2025-12-03 12:35:46,006 - ptz_service - INFO - PTZ stop camera=camera2, azimut=None
2025-12-03 12:36:59,264 - ptz_service - INFO - Restart PTZ controller before move: camera1
2025-12-03 12:36:59,265 - ptz_service - INFO - PTZ camera1 moved to azimuth 31.40
2025-12-03 12:37:03,273 - ptz_service - INFO - PTZ continuous_move camera=camera1, x=1.0, y=1.0, zoom=0.0
2025-12-03 12:37:05,278 - ptz_service - INFO - PTZ stop camera=camera1, azimut=None
2025-12-03 12:37:06,283 - ptz_service - INFO - PTZ continuous_move camera=camera1, x=-0.7, y=-1.0, zoom=0.0
2025-12-03 12:37:07,288 - ptz_service - INFO - PTZ stop camera=camera1, azimut=None
2025-12-03 12:37:08,292 - ptz_service - INFO - Restart PTZ controller before move: camera2
2025-12-03 12:37:08,293 - ptz_service - INFO - PTZ camera2 moved to azimuth 31.40
2025-12-03 12:37:12,300 - ptz_service - INFO - PTZ continuous_move camera=camera2, x=1.0, y=1.0, zoom=0.0
2025-12-03 12:37:14,306 - ptz_service - INFO - PTZ stop camera=camera2, azimut=None
2025-12-03 12:37:15,313 - ptz_service - INFO - PTZ continuous_move camera=camera2, x=-0.7, y=-1.0, zoom=0.0
2025-12-03 12:37:16,320 - ptz_service - INFO - PTZ stop camera=camera2, azimut=None
2025-12-04 17:19:19,084 - ptz_service - INFO - PTZ continuous_move camera=camera1, x=1.0, y=0.0, zoom=0.0
2025-12-04 17:19:19,856 - ptz_service - INFO - PTZ stop camera=camera1, azimut=None
2025-12-04 17:19:21,560 - ptz_service - INFO - PTZ continuous_move camera=camera1, x=1.0, y=0.0, zoom=0.0
2025-12-04 17:19:27,144 - ptz_service - INFO - PTZ stop camera=camera1, azimut=None
2025-12-04 17:19:28,082 - ptz_service - INFO - PTZ continuous_move camera=camera1, x=0.0, y=-1.0, zoom=0.0
2025-12-04 17:19:29,408 - ptz_service - INFO - PTZ stop camera=camera1, azimut=None
2025-12-04 17:19:30,330 - ptz_service - INFO - PTZ continuous_move camera=camera1, x=0.0, y=1.0, zoom=0.0
2025-12-04 17:19:31,581 - ptz_service - INFO - PTZ stop camera=camera1, azimut=None
2025-12-04 17:19:33,433 - ptz_service - INFO - PTZ continuous_move camera=camera1, x=-1.0, y=0.0, zoom=0.0
2025-12-04 17:19:34,294 - ptz_service - INFO - PTZ stop camera=camera1, azimut=None
2025-12-04 17:19:37,491 - ptz_service - INFO - PTZ continuous_move camera=camera1, x=1.0, y=0.0, zoom=0.0
2025-12-04 17:19:38,660 - ptz_service - INFO - PTZ stop camera=camera1, azimut=None
2025-12-04 17:19:39,928 - ptz_service - INFO - PTZ continuous_move camera=camera1, x=0.0, y=1.0, zoom=0.0
2025-12-04 17:19:40,609 - ptz_service - INFO - PTZ stop camera=camera1, azimut=None
2025-12-04 17:19:42,070 - ptz_service - INFO - PTZ continuous_move camera=camera1, x=-1.0, y=0.0, zoom=0.0
2025-12-04 17:19:43,022 - ptz_service - INFO - PTZ stop camera=camera1, azimut=None
2025-12-04 17:35:05,416 - ptz_service - INFO - PTZ continuous_move camera=camera1, x=1.0, y=0.0, zoom=0.0
2025-12-04 17:35:07,781 - ptz_service - INFO - PTZ stop camera=camera1, azimut=None
2025-12-04 17:35:10,029 - ptz_service - INFO - PTZ continuous_move camera=camera1, x=-1.0, y=0.0, zoom=0.0
2025-12-04 17:35:10,360 - ptz_service - INFO - PTZ stop camera=camera1, azimut=None
2025-12-04 17:35:10,423 - ptz_service - INFO - PTZ continuous_move camera=camera1, x=-1.0, y=0.0, zoom=0.0
2025-12-04 17:35:10,588 - ptz_service - INFO - PTZ stop camera=camera1, azimut=None
2025-12-04 17:35:11,838 - ptz_service - INFO - PTZ set_zoom camera=camera1, delta=-0.03
2025-12-04 17:35:12,041 - ptz_service - INFO - PTZ set_zoom camera=camera1, delta=-0.03
2025-12-04 17:35:13,756 - ptz_service - INFO - PTZ set_zoom camera=camera1, delta=-0.03
2025-12-04 17:35:14,529 - ptz_service - INFO - PTZ set_zoom camera=camera1, delta=-0.03
2025-12-04 17:35:15,012 - ptz_service - INFO - PTZ set_zoom camera=camera1, delta=-0.03
2025-12-04 17:35:15,359 - ptz_service - INFO - PTZ set_zoom camera=camera1, delta=-0.03
2025-12-04 17:35:15,750 - ptz_service - INFO - PTZ set_zoom camera=camera1, delta=-0.03
2025-12-04 17:35:16,139 - ptz_service - INFO - PTZ set_zoom camera=camera1, delta=-0.03
2025-12-04 17:35:16,528 - ptz_service - INFO - PTZ set_zoom camera=camera1, delta=-0.03
2025-12-04 17:35:16,871 - ptz_service - INFO - PTZ set_zoom camera=camera1, delta=-0.03
2025-12-04 17:35:17,197 - ptz_service - INFO - PTZ set_zoom camera=camera1, delta=-0.03
2025-12-04 17:35:17,637 - ptz_service - INFO - PTZ set_zoom camera=camera1, delta=-0.03
2025-12-04 17:35:17,965 - ptz_service - INFO - PTZ set_zoom camera=camera1, delta=-0.03
2025-12-04 17:35:18,244 - ptz_service - INFO - PTZ set_zoom camera=camera1, delta=-0.03
2025-12-04 17:35:18,526 - ptz_service - INFO - PTZ set_zoom camera=camera1, delta=-0.03
2025-12-04 17:35:18,775 - ptz_service - INFO - PTZ set_zoom camera=camera1, delta=-0.03
2025-12-04 17:35:19,008 - ptz_service - INFO - PTZ set_zoom camera=camera1, delta=-0.03
2025-12-04 17:35:19,274 - ptz_service - INFO - PTZ set_zoom camera=camera1, delta=-0.03
2025-12-04 17:35:19,541 - ptz_service - INFO - PTZ set_zoom camera=camera1, delta=-0.03
2025-12-04 17:35:19,773 - ptz_service - INFO - PTZ set_zoom camera=camera1, delta=-0.03
2025-12-04 17:35:20,022 - ptz_service - INFO - PTZ set_zoom camera=camera1, delta=-0.03
2025-12-04 17:35:20,238 - ptz_service - INFO - PTZ set_zoom camera=camera1, delta=-0.03
2025-12-04 17:35:20,474 - ptz_service - INFO - PTZ set_zoom camera=camera1, delta=-0.03
2025-12-04 17:35:20,694 - ptz_service - INFO - PTZ set_zoom camera=camera1, delta=-0.03
2025-12-04 17:35:20,911 - ptz_service - INFO - PTZ set_zoom camera=camera1, delta=-0.03
2025-12-04 17:35:21,115 - ptz_service - INFO - PTZ set_zoom camera=camera1, delta=-0.03
2025-12-04 17:35:21,320 - ptz_service - INFO - PTZ set_zoom camera=camera1, delta=-0.03
2025-12-04 17:35:21,508 - ptz_service - INFO - PTZ set_zoom camera=camera1, delta=-0.03
2025-12-04 17:35:21,678 - ptz_service - INFO - PTZ set_zoom camera=camera1, delta=-0.03
2025-12-04 17:35:21,834 - ptz_service - INFO - PTZ set_zoom camera=camera1, delta=-0.03
2025-12-04 17:35:22,022 - ptz_service - INFO - PTZ set_zoom camera=camera1, delta=-0.03
2025-12-04 17:35:22,164 - ptz_service - INFO - PTZ set_zoom camera=camera1, delta=-0.03
2025-12-04 17:35:22,290 - ptz_service - INFO - PTZ set_zoom camera=camera1, delta=-0.03
2025-12-04 17:35:22,509 - ptz_service - INFO - PTZ set_zoom camera=camera1, delta=-0.03
2025-12-04 17:35:22,841 - ptz_service - INFO - PTZ set_zoom camera=camera1, delta=-0.03
2025-12-04 17:35:22,998 - ptz_service - INFO - PTZ set_zoom camera=camera1, delta=-0.03
2025-12-04 17:35:23,137 - ptz_service - INFO - PTZ set_zoom camera=camera1, delta=-0.03
2025-12-04 17:35:23,262 - ptz_service - INFO - PTZ set_zoom camera=camera1, delta=-0.03
2025-12-04 17:35:23,418 - ptz_service - INFO - PTZ set_zoom camera=camera1, delta=-0.03
2025-12-04 17:35:23,580 - ptz_service - INFO - PTZ set_zoom camera=camera1, delta=-0.03
2025-12-04 17:35:23,699 - ptz_service - INFO - PTZ set_zoom camera=camera1, delta=-0.03
2025-12-04 17:35:23,840 - ptz_service - INFO - PTZ set_zoom camera=camera1, delta=-0.03
2025-12-04 17:35:23,978 - ptz_service - INFO - PTZ set_zoom camera=camera1, delta=-0.03
2025-12-04 17:35:24,120 - ptz_service - INFO - PTZ set_zoom camera=camera1, delta=-0.03
2025-12-04 17:35:24,260 - ptz_service - INFO - PTZ set_zoom camera=camera1, delta=-0.03
2025-12-04 17:35:24,417 - ptz_service - INFO - PTZ set_zoom camera=camera1, delta=-0.03
2025-12-04 17:35:24,559 - ptz_service - INFO - PTZ set_zoom camera=camera1, delta=-0.03
2025-12-04 17:35:24,747 - ptz_service - INFO - PTZ set_zoom camera=camera1, delta=-0.03
2025-12-04 17:35:24,872 - ptz_service - INFO - PTZ set_zoom camera=camera1, delta=-0.03
2025-12-04 17:35:25,029 - ptz_service - INFO - PTZ set_zoom camera=camera1, delta=-0.03
2025-12-04 17:35:25,170 - ptz_service - INFO - PTZ set_zoom camera=camera1, delta=-0.03
2025-12-04 17:35:25,340 - ptz_service - INFO - PTZ set_zoom camera=camera1, delta=-0.03
2025-12-04 17:35:25,497 - ptz_service - INFO - PTZ set_zoom camera=camera1, delta=-0.03
2025-12-04 17:35:25,653 - ptz_service - INFO - PTZ set_zoom camera=camera1, delta=-0.03
2025-12-04 17:35:25,794 - ptz_service - INFO - PTZ set_zoom camera=camera1, delta=-0.03
2025-12-04 17:35:25,951 - ptz_service - INFO - PTZ set_zoom camera=camera1, delta=-0.03
2025-12-04 17:35:26,093 - ptz_service - INFO - PTZ set_zoom camera=camera1, delta=-0.03
2025-12-04 17:35:26,232 - ptz_service - INFO - PTZ set_zoom camera=camera1, delta=-0.03
2025-12-04 17:35:26,372 - ptz_service - INFO - PTZ set_zoom camera=camera1, delta=-0.03
2025-12-04 17:35:26,562 - ptz_service - INFO - PTZ set_zoom camera=camera1, delta=-0.03
2025-12-04 17:35:26,717 - ptz_service - INFO - PTZ set_zoom camera=camera1, delta=-0.03
2025-12-04 17:35:26,857 - ptz_service - INFO - PTZ set_zoom camera=camera1, delta=-0.03
2025-12-04 17:35:27,014 - ptz_service - INFO - PTZ set_zoom camera=camera1, delta=-0.03
2025-12-04 17:35:27,154 - ptz_service - INFO - PTZ set_zoom camera=camera1, delta=-0.03
2025-12-04 17:35:27,294 - ptz_service - INFO - PTZ set_zoom camera=camera1, delta=-0.03
2025-12-04 17:35:27,449 - ptz_service - INFO - PTZ set_zoom camera=camera1, delta=-0.03
2025-12-04 17:35:27,607 - ptz_service - INFO - PTZ set_zoom camera=camera1, delta=-0.03
2025-12-04 17:35:27,760 - ptz_service - INFO - PTZ set_zoom camera=camera1, delta=-0.03
2025-12-04 17:35:27,934 - ptz_service - INFO - PTZ set_zoom camera=camera1, delta=-0.03
2025-12-04 17:35:28,072 - ptz_service - INFO - PTZ set_zoom camera=camera1, delta=-0.03
2025-12-04 17:35:28,233 - ptz_service - INFO - PTZ set_zoom camera=camera1, delta=-0.03
2025-12-04 17:35:28,370 - ptz_service - INFO - PTZ set_zoom camera=camera1, delta=-0.03
2025-12-04 17:35:28,527 - ptz_service - INFO - PTZ set_zoom camera=camera1, delta=-0.03
2025-12-04 17:35:28,669 - ptz_service - INFO - PTZ set_zoom camera=camera1, delta=-0.03
2025-12-04 17:35:28,807 - ptz_service - INFO - PTZ set_zoom camera=camera1, delta=-0.03
2025-12-04 17:35:28,963 - ptz_service - INFO - PTZ set_zoom camera=camera1, delta=-0.03
2025-12-04 17:35:29,118 - ptz_service - INFO - PTZ set_zoom camera=camera1, delta=-0.03
2025-12-04 17:35:29,261 - ptz_service - INFO - PTZ set_zoom camera=camera1, delta=-0.03
2025-12-04 17:35:29,400 - ptz_service - INFO - PTZ set_zoom camera=camera1, delta=-0.03
2025-12-04 17:35:29,525 - ptz_service - INFO - PTZ set_zoom camera=camera1, delta=-0.03
2025-12-04 17:35:29,684 - ptz_service - INFO - PTZ set_zoom camera=camera1, delta=-0.03
2025-12-04 17:35:29,837 - ptz_service - INFO - PTZ set_zoom camera=camera1, delta=-0.03
2025-12-04 17:35:29,978 - ptz_service - INFO - PTZ set_zoom camera=camera1, delta=-0.03
2025-12-04 17:35:30,117 - ptz_service - INFO - PTZ set_zoom camera=camera1, delta=-0.03
2025-12-04 17:35:30,275 - ptz_service - INFO - PTZ set_zoom camera=camera1, delta=-0.03
2025-12-04 17:35:30,385 - ptz_service - INFO - PTZ set_zoom camera=camera1, delta=-0.03
2025-12-04 17:35:30,510 - ptz_service - INFO - PTZ set_zoom camera=camera1, delta=-0.03
2025-12-04 17:35:30,634 - ptz_service - INFO - PTZ set_zoom camera=camera1, delta=-0.03
2025-12-04 17:35:30,855 - ptz_service - INFO - PTZ set_zoom camera=camera1, delta=-0.03
2025-12-04 17:35:31,010 - ptz_service - INFO - PTZ set_zoom camera=camera1, delta=-0.03
2025-12-04 17:35:31,150 - ptz_service - INFO - PTZ set_zoom camera=camera1, delta=-0.03
2025-12-04 17:35:31,290 - ptz_service - INFO - PTZ set_zoom camera=camera1, delta=-0.03
2025-12-04 17:35:31,463 - ptz_service - INFO - PTZ set_zoom camera=camera1, delta=-0.03
2025-12-04 17:35:31,604 - ptz_service - INFO - PTZ set_zoom camera=camera1, delta=-0.03
2025-12-04 17:35:31,760 - ptz_service - INFO - PTZ set_zoom camera=camera1, delta=-0.03
2025-12-04 17:35:31,918 - ptz_service - INFO - PTZ set_zoom camera=camera1, delta=-0.03
2025-12-04 17:35:32,056 - ptz_service - INFO - PTZ set_zoom camera=camera1, delta=-0.03
2025-12-04 17:35:32,211 - ptz_service - INFO - PTZ set_zoom camera=camera1, delta=-0.03
2025-12-04 17:35:32,368 - ptz_service - INFO - PTZ set_zoom camera=camera1, delta=-0.03
2025-12-04 17:35:32,542 - ptz_service - INFO - PTZ set_zoom camera=camera1, delta=-0.03
2025-12-04 17:35:32,743 - ptz_service - INFO - PTZ set_zoom camera=camera1, delta=-0.03
2025-12-04 17:35:32,899 - ptz_service - INFO - PTZ set_zoom camera=camera1, delta=-0.03
2025-12-04 17:35:33,041 - ptz_service - INFO - PTZ set_zoom camera=camera1, delta=-0.03
2025-12-04 17:35:33,182 - ptz_service - INFO - PTZ set_zoom camera=camera1, delta=-0.03
2025-12-04 17:35:33,324 - ptz_service - INFO - PTZ set_zoom camera=camera1, delta=-0.03
2025-12-04 17:35:33,466 - ptz_service - INFO - PTZ set_zoom camera=camera1, delta=-0.03
2025-12-04 17:35:33,623 - ptz_service - INFO - PTZ set_zoom camera=camera1, delta=-0.03
2025-12-04 17:35:33,765 - ptz_service - INFO - PTZ set_zoom camera=camera1, delta=-0.03
2025-12-04 17:35:33,907 - ptz_service - INFO - PTZ set_zoom camera=camera1, delta=-0.03
2025-12-04 17:35:34,016 - ptz_service - INFO - PTZ set_zoom camera=camera1, delta=-0.03
2025-12-04 17:35:34,142 - ptz_service - INFO - PTZ set_zoom camera=camera1, delta=-0.03
2025-12-04 17:35:34,316 - ptz_service - INFO - PTZ set_zoom camera=camera1, delta=-0.03
2025-12-04 17:35:34,443 - ptz_service - INFO - PTZ set_zoom camera=camera1, delta=-0.03
2025-12-04 17:35:34,584 - ptz_service - INFO - PTZ set_zoom camera=camera1, delta=-0.03
2025-12-04 17:35:34,722 - ptz_service - INFO - PTZ set_zoom camera=camera1, delta=-0.03
2025-12-04 17:35:34,864 - ptz_service - INFO - PTZ set_zoom camera=camera1, delta=-0.03
2025-12-04 17:35:35,010 - ptz_service - INFO - PTZ set_zoom camera=camera1, delta=-0.03
2025-12-04 17:35:35,143 - ptz_service - INFO - PTZ set_zoom camera=camera1, delta=-0.03
2025-12-04 17:35:35,314 - ptz_service - INFO - PTZ set_zoom camera=camera1, delta=-0.03
2025-12-04 17:35:35,519 - ptz_service - INFO - PTZ set_zoom camera=camera1, delta=-0.03
2025-12-04 17:35:44,707 - ptz_service - INFO - PTZ set_zoom camera=camera1, delta=-0.03
2025-12-04 17:35:44,849 - ptz_service - INFO - PTZ set_zoom camera=camera1, delta=-0.03
2025-12-04 17:35:44,990 - ptz_service - INFO - PTZ set_zoom camera=camera1, delta=-0.03
2025-12-04 17:35:45,145 - ptz_service - INFO - PTZ set_zoom camera=camera1, delta=-0.03
2025-12-04 17:35:45,271 - ptz_service - INFO - PTZ set_zoom camera=camera1, delta=-0.03
2025-12-04 17:35:45,426 - ptz_service - INFO - PTZ set_zoom camera=camera1, delta=-0.03
2025-12-04 17:35:45,550 - ptz_service - INFO - PTZ set_zoom camera=camera1, delta=-0.03
2025-12-04 17:35:45,675 - ptz_service - INFO - PTZ set_zoom camera=camera1, delta=-0.03
2025-12-04 17:35:45,800 - ptz_service - INFO - PTZ set_zoom camera=camera1, delta=-0.03
2025-12-04 17:35:45,941 - ptz_service - INFO - PTZ set_zoom camera=camera1, delta=-0.03
2025-12-04 17:35:46,049 - ptz_service - INFO - PTZ set_zoom camera=camera1, delta=-0.03
2025-12-04 17:35:46,175 - ptz_service - INFO - PTZ set_zoom camera=camera1, delta=-0.03
2025-12-04 17:35:46,316 - ptz_service - INFO - PTZ set_zoom camera=camera1, delta=-0.03
2025-12-04 17:35:46,442 - ptz_service - INFO - PTZ set_zoom camera=camera1, delta=-0.03
2025-12-04 17:35:46,581 - ptz_service - INFO - PTZ set_zoom camera=camera1, delta=-0.03
2025-12-04 17:35:46,721 - ptz_service - INFO - PTZ set_zoom camera=camera1, delta=-0.03
2025-12-04 17:35:46,863 - ptz_service - INFO - PTZ set_zoom camera=camera1, delta=-0.03
2025-12-04 17:35:47,004 - ptz_service - INFO - PTZ set_zoom camera=camera1, delta=-0.03
2025-12-04 17:35:47,144 - ptz_service - INFO - PTZ set_zoom camera=camera1, delta=-0.03
2025-12-04 17:35:47,286 - ptz_service - INFO - PTZ set_zoom camera=camera1, delta=-0.03
2025-12-04 17:35:47,411 - ptz_service - INFO - PTZ set_zoom camera=camera1, delta=-0.03
2025-12-04 17:35:47,568 - ptz_service - INFO - PTZ set_zoom camera=camera1, delta=-0.03
2025-12-04 17:35:47,707 - ptz_service - INFO - PTZ set_zoom camera=camera1, delta=-0.03
2025-12-04 17:35:47,848 - ptz_service - INFO - PTZ set_zoom camera=camera1, delta=-0.03
2025-12-04 17:35:47,989 - ptz_service - INFO - PTZ set_zoom camera=camera1, delta=-0.03
2025-12-04 17:35:48,145 - ptz_service - INFO - PTZ set_zoom camera=camera1, delta=-0.03
2025-12-04 17:35:48,286 - ptz_service - INFO - PTZ set_zoom camera=camera1, delta=-0.03
2025-12-04 17:35:48,442 - ptz_service - INFO - PTZ set_zoom camera=camera1, delta=-0.03
2025-12-04 17:35:48,583 - ptz_service - INFO - PTZ set_zoom camera=camera1, delta=-0.03
2025-12-04 17:35:48,724 - ptz_service - INFO - PTZ set_zoom camera=camera1, delta=-0.03
2025-12-04 17:35:48,881 - ptz_service - INFO - PTZ set_zoom camera=camera1, delta=-0.03
2025-12-04 17:35:49,038 - ptz_service - INFO - PTZ set_zoom camera=camera1, delta=-0.03
2025-12-04 17:35:49,195 - ptz_service - INFO - PTZ set_zoom camera=camera1, delta=-0.03
2025-12-04 17:35:49,338 - ptz_service - INFO - PTZ set_zoom camera=camera1, delta=-0.03
2025-12-04 17:35:49,480 - ptz_service - INFO - PTZ set_zoom camera=camera1, delta=-0.03
2025-12-04 17:35:49,636 - ptz_service - INFO - PTZ set_zoom camera=camera1, delta=-0.03
2025-12-04 17:35:49,790 - ptz_service - INFO - PTZ set_zoom camera=camera1, delta=-0.03
2025-12-04 17:35:49,946 - ptz_service - INFO - PTZ set_zoom camera=camera1, delta=-0.03
2025-12-04 17:35:50,120 - ptz_service - INFO - PTZ set_zoom camera=camera1, delta=-0.03
2025-12-04 17:35:50,258 - ptz_service - INFO - PTZ set_zoom camera=camera1, delta=-0.03
2025-12-04 17:35:50,401 - ptz_service - INFO - PTZ set_zoom camera=camera1, delta=-0.03
2025-12-04 17:35:50,569 - ptz_service - INFO - PTZ set_zoom camera=camera1, delta=-0.03
2025-12-04 17:35:50,710 - ptz_service - INFO - PTZ set_zoom camera=camera1, delta=-0.03
2025-12-04 17:35:50,867 - ptz_service - INFO - PTZ set_zoom camera=camera1, delta=-0.03
2025-12-04 17:35:51,039 - ptz_service - INFO - PTZ set_zoom camera=camera1, delta=-0.03
2025-12-04 17:35:51,178 - ptz_service - INFO - PTZ set_zoom camera=camera1, delta=-0.03
2025-12-04 17:35:51,334 - ptz_service - INFO - PTZ set_zoom camera=camera1, delta=-0.03
2025-12-04 17:35:51,473 - ptz_service - INFO - PTZ set_zoom camera=camera1, delta=-0.03
2025-12-04 17:35:51,630 - ptz_service - INFO - PTZ set_zoom camera=camera1, delta=-0.03
2025-12-04 17:35:51,800 - ptz_service - INFO - PTZ set_zoom camera=camera1, delta=-0.03
2025-12-04 17:35:51,939 - ptz_service - INFO - PTZ set_zoom camera=camera1, delta=-0.03
2025-12-04 17:35:52,111 - ptz_service - INFO - PTZ set_zoom camera=camera1, delta=-0.03
2025-12-04 17:35:52,267 - ptz_service - INFO - PTZ set_zoom camera=camera1, delta=-0.03
2025-12-04 17:35:52,408 - ptz_service - INFO - PTZ set_zoom camera=camera1, delta=-0.03
2025-12-04 17:35:52,567 - ptz_service - INFO - PTZ set_zoom camera=camera1, delta=-0.03
2025-12-04 17:35:52,739 - ptz_service - INFO - PTZ set_zoom camera=camera1, delta=-0.03
2025-12-04 17:35:52,863 - ptz_service - INFO - PTZ set_zoom camera=camera1, delta=-0.03
2025-12-04 17:35:53,051 - ptz_service - INFO - PTZ set_zoom camera=camera1, delta=-0.03
2025-12-04 17:35:53,175 - ptz_service - INFO - PTZ set_zoom camera=camera1, delta=-0.03
2025-12-04 17:35:53,299 - ptz_service - INFO - PTZ set_zoom camera=camera1, delta=-0.03
2025-12-04 17:35:53,470 - ptz_service - INFO - PTZ set_zoom camera=camera1, delta=-0.03
2025-12-04 17:35:53,579 - ptz_service - INFO - PTZ set_zoom camera=camera1, delta=-0.03
2025-12-04 17:35:53,812 - ptz_service - INFO - PTZ set_zoom camera=camera1, delta=-0.03
2025-12-04 17:35:54,398 - ptz_service - INFO - PTZ continuous_move camera=camera1, x=-1.0, y=0.0, zoom=0.0
2025-12-04 17:35:55,117 - ptz_service - INFO - PTZ stop camera=camera1, azimut=None
2025-12-04 17:35:57,097 - ptz_service - INFO - PTZ continuous_move camera=camera1, x=-1.0, y=0.0, zoom=0.0
2025-12-04 17:35:57,268 - ptz_service - INFO - PTZ stop camera=camera1, azimut=None
2025-12-04 17:35:57,326 - ptz_service - INFO - PTZ continuous_move camera=camera1, x=-1.0, y=0.0, zoom=0.0
2025-12-04 17:35:57,826 - ptz_service - INFO - PTZ stop camera=camera1, azimut=None
2025-12-04 17:36:00,052 - ptz_service - INFO - PTZ continuous_move camera=camera1, x=0.0, y=-1.0, zoom=0.0
2025-12-04 17:36:00,465 - ptz_service - INFO - PTZ stop camera=camera1, azimut=None
2025-12-04 17:36:02,790 - ptz_service - INFO - PTZ continuous_move camera=camera1, x=0.0, y=1.0, zoom=0.0
2025-12-04 17:36:03,139 - ptz_service - INFO - PTZ stop camera=camera1, azimut=None
2025-12-04 17:36:03,174 - ptz_service - INFO - PTZ continuous_move camera=camera1, x=0.0, y=1.0, zoom=0.0
2025-12-04 17:36:03,355 - ptz_service - INFO - PTZ stop camera=camera1, azimut=None
2025-12-04 17:36:52,485 - ptz_service - INFO - PTZ continuous_move camera=camera1, x=1.0, y=0.0, zoom=0.0
2025-12-04 17:36:55,247 - ptz_service - INFO - PTZ stop camera=camera1, azimut=None
2025-12-04 17:36:57,411 - ptz_service - INFO - PTZ continuous_move camera=camera1, x=-1.0, y=0.0, zoom=0.0
2025-12-04 17:36:58,253 - ptz_service - INFO - PTZ stop camera=camera1, azimut=None
2025-12-04 17:37:00,441 - ptz_service - INFO - PTZ continuous_move camera=camera1, x=-1.0, y=0.0, zoom=0.0
2025-12-04 17:37:00,865 - ptz_service - INFO - PTZ stop camera=camera1, azimut=None
2025-12-04 17:37:11,362 - ptz_service - INFO - PTZ continuous_move camera=camera1, x=0.0, y=1.0, zoom=0.0
2025-12-04 17:37:11,889 - ptz_service - INFO - PTZ stop camera=camera1, azimut=None
2025-12-04 17:37:15,102 - ptz_service - INFO - PTZ continuous_move camera=camera1, x=-1.0, y=0.0, zoom=0.0
2025-12-04 17:37:17,454 - ptz_service - INFO - PTZ stop camera=camera1, azimut=None
2025-12-04 17:37:18,637 - ptz_service - INFO - PTZ continuous_move camera=camera1, x=-1.0, y=0.0, zoom=0.0
2025-12-04 17:37:19,155 - ptz_service - INFO - PTZ stop camera=camera1, azimut=None
2025-12-04 17:37:20,309 - ptz_service - INFO - PTZ continuous_move camera=camera1, x=0.0, y=-1.0, zoom=0.0
2025-12-04 17:37:20,989 - ptz_service - INFO - PTZ stop camera=camera1, azimut=None
2025-12-04 17:37:23,321 - ptz_service - INFO - PTZ continuous_move camera=camera1, x=0.0, y=1.0, zoom=0.0
2025-12-04 17:37:23,772 - ptz_service - INFO - PTZ stop camera=camera1, azimut=None
2025-12-04 17:37:25,937 - ptz_service - INFO - PTZ continuous_move camera=camera1, x=1.0, y=0.0, zoom=0.0
2025-12-04 17:37:26,367 - ptz_service - INFO - PTZ stop camera=camera1, azimut=None
2025-12-04 17:38:11,578 - ptz_service - INFO - PTZ set_zoom camera=camera1, delta=0.03
2025-12-04 17:38:11,703 - ptz_service - INFO - PTZ set_zoom camera=camera1, delta=0.03
2025-12-04 17:38:12,017 - ptz_service - INFO - PTZ set_zoom camera=camera1, delta=0.03
2025-12-04 17:38:12,175 - ptz_service - INFO - PTZ set_zoom camera=camera1, delta=0.03
2025-12-04 17:38:12,301 - ptz_service - INFO - PTZ set_zoom camera=camera1, delta=0.03
2025-12-04 17:38:12,458 - ptz_service - INFO - PTZ set_zoom camera=camera1, delta=0.03
2025-12-04 17:38:12,585 - ptz_service - INFO - PTZ set_zoom camera=camera1, delta=0.03
2025-12-04 17:38:12,711 - ptz_service - INFO - PTZ set_zoom camera=camera1, delta=0.03
2025-12-04 17:38:12,853 - ptz_service - INFO - PTZ set_zoom camera=camera1, delta=0.03
2025-12-04 17:38:12,979 - ptz_service - INFO - PTZ set_zoom camera=camera1, delta=0.03
2025-12-04 17:38:13,699 - ptz_service - INFO - PTZ set_zoom camera=camera1, delta=0.03
2025-12-04 17:38:13,824 - ptz_service - INFO - PTZ set_zoom camera=camera1, delta=0.03
2025-12-04 17:38:15,244 - ptz_service - INFO - PTZ set_zoom camera=camera1, delta=0.03
2025-12-04 17:38:15,509 - ptz_service - INFO - PTZ set_zoom camera=camera1, delta=0.03
2025-12-04 17:38:15,651 - ptz_service - INFO - PTZ set_zoom camera=camera1, delta=0.03
2025-12-04 17:38:15,823 - ptz_service - INFO - PTZ set_zoom camera=camera1, delta=0.03
2025-12-04 17:38:15,965 - ptz_service - INFO - PTZ set_zoom camera=camera1, delta=0.03
2025-12-04 17:38:16,155 - ptz_service - INFO - PTZ set_zoom camera=camera1, delta=0.03
2025-12-04 17:38:16,279 - ptz_service - INFO - PTZ set_zoom camera=camera1, delta=0.03
2025-12-04 17:38:16,476 - ptz_service - INFO - PTZ set_zoom camera=camera1, delta=0.03
2025-12-04 17:38:16,578 - ptz_service - INFO - PTZ set_zoom camera=camera1, delta=0.03
2025-12-04 17:38:16,782 - ptz_service - INFO - PTZ set_zoom camera=camera1, delta=0.03
2025-12-04 17:38:16,987 - ptz_service - INFO - PTZ set_zoom camera=camera1, delta=0.03
2025-12-04 17:38:17,253 - ptz_service - INFO - PTZ set_zoom camera=camera1, delta=0.03
2025-12-04 17:38:17,412 - ptz_service - INFO - PTZ set_zoom camera=camera1, delta=0.03
2025-12-04 17:38:17,629 - ptz_service - INFO - PTZ set_zoom camera=camera1, delta=0.03
2025-12-04 17:38:18,809 - ptz_service - INFO - PTZ continuous_move camera=camera1, x=-1.0, y=0.0, zoom=0.0
2025-12-04 17:38:19,359 - ptz_service - INFO - PTZ stop camera=camera1, azimut=None
2025-12-04 17:38:21,849 - ptz_service - INFO - PTZ continuous_move camera=camera1, x=1.0, y=0.0, zoom=0.0
2025-12-04 17:38:22,122 - ptz_service - INFO - PTZ stop camera=camera1, azimut=None
2025-12-04 17:38:22,161 - ptz_service - INFO - PTZ continuous_move camera=camera1, x=1.0, y=0.0, zoom=0.0
2025-12-04 17:38:22,694 - ptz_service - INFO - PTZ stop camera=camera1, azimut=None
2025-12-04 17:38:22,871 - ptz_service - INFO - PTZ continuous_move camera=camera1, x=-1.0, y=0.0, zoom=0.0
2025-12-04 17:38:23,144 - ptz_service - INFO - PTZ stop camera=camera1, azimut=None
2025-12-04 17:38:23,205 - ptz_service - INFO - PTZ continuous_move camera=camera1, x=-1.0, y=0.0, zoom=0.0
2025-12-04 17:38:23,401 - ptz_service - INFO - PTZ stop camera=camera1, azimut=None
2025-12-04 17:38:23,438 - ptz_service - INFO - PTZ continuous_move camera=camera1, x=-1.0, y=0.0, zoom=0.0
2025-12-04 17:38:23,612 - ptz_service - INFO - PTZ stop camera=camera1, azimut=None
2025-12-04 17:38:25,323 - ptz_service - INFO - PTZ continuous_move camera=camera1, x=-1.0, y=0.0, zoom=0.0
2025-12-04 17:38:25,716 - ptz_service - INFO - PTZ stop camera=camera1, azimut=None
2025-12-04 17:38:25,753 - ptz_service - INFO - PTZ continuous_move camera=camera1, x=-1.0, y=0.0, zoom=0.0
2025-12-04 17:38:25,934 - ptz_service - INFO - PTZ stop camera=camera1, azimut=None
2025-12-04 17:38:28,941 - ptz_service - INFO - PTZ set_zoom camera=camera1, delta=-0.03
2025-12-04 17:38:29,191 - ptz_service - INFO - PTZ set_zoom camera=camera1, delta=-0.03
2025-12-04 17:38:29,379 - ptz_service - INFO - PTZ set_zoom camera=camera1, delta=-0.03
2025-12-04 17:38:29,551 - ptz_service - INFO - PTZ set_zoom camera=camera1, delta=-0.03
2025-12-04 17:38:29,709 - ptz_service - INFO - PTZ set_zoom camera=camera1, delta=-0.03
2025-12-04 17:38:29,833 - ptz_service - INFO - PTZ set_zoom camera=camera1, delta=-0.03
2025-12-04 17:38:30,022 - ptz_service - INFO - PTZ set_zoom camera=camera1, delta=-0.03
2025-12-04 17:38:30,163 - ptz_service - INFO - PTZ set_zoom camera=camera1, delta=-0.03
2025-12-04 17:38:30,336 - ptz_service - INFO - PTZ set_zoom camera=camera1, delta=-0.03
2025-12-04 17:38:30,510 - ptz_service - INFO - PTZ set_zoom camera=camera1, delta=-0.03
2025-12-04 17:38:30,667 - ptz_service - INFO - PTZ set_zoom camera=camera1, delta=-0.03
2025-12-04 17:38:32,850 - ptz_service - INFO - PTZ set_zoom camera=camera1, delta=-0.03
2025-12-04 17:38:33,419 - ptz_service - INFO - PTZ set_zoom camera=camera1, delta=-0.03
2025-12-04 17:38:33,670 - ptz_service - INFO - PTZ set_zoom camera=camera1, delta=-0.03
2025-12-04 17:38:33,984 - ptz_service - INFO - PTZ set_zoom camera=camera1, delta=-0.03
2025-12-04 17:38:34,280 - ptz_service - INFO - PTZ set_zoom camera=camera1, delta=-0.03
2025-12-04 17:38:34,702 - ptz_service - INFO - PTZ set_zoom camera=camera1, delta=-0.03
2025-12-04 17:38:34,921 - ptz_service - INFO - PTZ set_zoom camera=camera1, delta=-0.03
2025-12-04 17:38:35,063 - ptz_service - INFO - PTZ set_zoom camera=camera1, delta=-0.03
2025-12-04 17:38:35,264 - ptz_service - INFO - PTZ set_zoom camera=camera1, delta=-0.03
2025-12-04 17:38:35,698 - ptz_service - INFO - PTZ set_zoom camera=camera1, delta=-0.03
2025-12-04 17:38:35,822 - ptz_service - INFO - PTZ set_zoom camera=camera1, delta=-0.03
2025-12-04 17:38:36,182 - ptz_service - INFO - PTZ set_zoom camera=camera1, delta=-0.03
2025-12-04 17:38:36,337 - ptz_service - INFO - PTZ set_zoom camera=camera1, delta=-0.03
2025-12-04 17:38:36,478 - ptz_service - INFO - PTZ set_zoom camera=camera1, delta=-0.03
2025-12-04 17:38:36,649 - ptz_service - INFO - PTZ set_zoom camera=camera1, delta=-0.03
2025-12-04 17:38:36,787 - ptz_service - INFO - PTZ set_zoom camera=camera1, delta=-0.03
2025-12-04 17:38:37,039 - ptz_service - INFO - PTZ set_zoom camera=camera1, delta=-0.03
2025-12-04 17:38:37,242 - ptz_service - INFO - PTZ set_zoom camera=camera1, delta=-0.03
2025-12-04 17:38:37,411 - ptz_service - INFO - PTZ set_zoom camera=camera1, delta=-0.03
2025-12-04 17:38:37,674 - ptz_service - INFO - PTZ set_zoom camera=camera1, delta=-0.03
2025-12-04 17:38:37,797 - ptz_service - INFO - PTZ set_zoom camera=camera1, delta=-0.03
2025-12-04 17:38:38,013 - ptz_service - INFO - PTZ set_zoom camera=camera1, delta=-0.03
2025-12-04 17:38:38,217 - ptz_service - INFO - PTZ set_zoom camera=camera1, delta=-0.03
2025-12-04 17:38:38,341 - ptz_service - INFO - PTZ set_zoom camera=camera1, delta=-0.03
2025-12-04 17:38:38,527 - ptz_service - INFO - PTZ set_zoom camera=camera1, delta=-0.03
2025-12-04 17:38:39,406 - ptz_service - INFO - PTZ set_zoom camera=camera1, delta=-0.03
2025-12-04 17:38:39,578 - ptz_service - INFO - PTZ set_zoom camera=camera1, delta=-0.03
2025-12-04 17:38:39,705 - ptz_service - INFO - PTZ set_zoom camera=camera1, delta=-0.03
2025-12-04 17:38:39,910 - ptz_service - INFO - PTZ set_zoom camera=camera1, delta=-0.03
2025-12-04 17:38:40,717 - ptz_service - INFO - PTZ continuous_move camera=camera1, x=1.0, y=0.0, zoom=0.0
2025-12-04 17:38:40,877 - ptz_service - INFO - PTZ stop camera=camera1, azimut=None
2025-12-04 17:38:40,929 - ptz_service - INFO - PTZ continuous_move camera=camera1, x=1.0, y=0.0, zoom=0.0
2025-12-04 17:38:41,013 - ptz_service - INFO - PTZ stop camera=camera1, azimut=None
2025-12-04 17:38:41,071 - ptz_service - INFO - PTZ continuous_move camera=camera1, x=1.0, y=0.0, zoom=0.0
2025-12-04 17:38:41,178 - ptz_service - INFO - PTZ stop camera=camera1, azimut=None
2025-12-04 17:38:41,241 - ptz_service - INFO - PTZ continuous_move camera=camera1, x=1.0, y=0.0, zoom=0.0
2025-12-04 17:38:41,444 - ptz_service - INFO - PTZ stop camera=camera1, azimut=None
2025-12-04 17:38:41,486 - ptz_service - INFO - PTZ continuous_move camera=camera1, x=1.0, y=0.0, zoom=0.0
2025-12-04 17:38:41,508 - ptz_service - INFO - PTZ stop camera=camera1, azimut=None
2025-12-04 17:38:41,570 - ptz_service - INFO - PTZ continuous_move camera=camera1, x=1.0, y=0.0, zoom=0.0
2025-12-04 17:38:41,657 - ptz_service - INFO - PTZ stop camera=camera1, azimut=None
2025-12-04 17:38:41,729 - ptz_service - INFO - PTZ continuous_move camera=camera1, x=1.0, y=0.0, zoom=0.0
2025-12-04 17:38:41,806 - ptz_service - INFO - PTZ stop camera=camera1, azimut=None
2025-12-04 17:38:41,873 - ptz_service - INFO - PTZ continuous_move camera=camera1, x=1.0, y=0.0, zoom=0.0
2025-12-04 17:38:41,959 - ptz_service - INFO - PTZ stop camera=camera1, azimut=None
2025-12-04 17:38:42,012 - ptz_service - INFO - PTZ continuous_move camera=camera1, x=1.0, y=0.0, zoom=0.0
2025-12-04 17:38:42,101 - ptz_service - INFO - PTZ stop camera=camera1, azimut=None
2025-12-04 17:38:42,153 - ptz_service - INFO - PTZ continuous_move camera=camera1, x=1.0, y=0.0, zoom=0.0
2025-12-04 17:38:42,237 - ptz_service - INFO - PTZ stop camera=camera1, azimut=None
2025-12-04 17:38:42,296 - ptz_service - INFO - PTZ continuous_move camera=camera1, x=1.0, y=0.0, zoom=0.0
2025-12-04 17:38:42,400 - ptz_service - INFO - PTZ stop camera=camera1, azimut=None
2025-12-04 17:38:42,435 - ptz_service - INFO - PTZ continuous_move camera=camera1, x=1.0, y=0.0, zoom=0.0
2025-12-04 17:38:42,540 - ptz_service - INFO - PTZ stop camera=camera1, azimut=None
2025-12-04 17:38:42,596 - ptz_service - INFO - PTZ continuous_move camera=camera1, x=1.0, y=0.0, zoom=0.0
2025-12-04 17:38:42,656 - ptz_service - INFO - PTZ stop camera=camera1, azimut=None
2025-12-04 17:38:42,714 - ptz_service - INFO - PTZ continuous_move camera=camera1, x=1.0, y=0.0, zoom=0.0
2025-12-04 17:38:42,796 - ptz_service - INFO - PTZ stop camera=camera1, azimut=None
2025-12-04 17:38:42,857 - ptz_service - INFO - PTZ continuous_move camera=camera1, x=1.0, y=0.0, zoom=0.0
2025-12-04 17:38:42,961 - ptz_service - INFO - PTZ stop camera=camera1, azimut=None
2025-12-04 17:38:43,013 - ptz_service - INFO - PTZ continuous_move camera=camera1, x=1.0, y=0.0, zoom=0.0
2025-12-04 17:38:43,107 - ptz_service - INFO - PTZ stop camera=camera1, azimut=None
2025-12-04 17:38:43,168 - ptz_service - INFO - PTZ continuous_move camera=camera1, x=1.0, y=0.0, zoom=0.0
2025-12-04 17:38:43,280 - ptz_service - INFO - PTZ stop camera=camera1, azimut=None
2025-12-04 17:38:43,326 - ptz_service - INFO - PTZ continuous_move camera=camera1, x=1.0, y=0.0, zoom=0.0
2025-12-04 17:38:43,429 - ptz_service - INFO - PTZ stop camera=camera1, azimut=None
2025-12-04 17:38:43,474 - ptz_service - INFO - PTZ continuous_move camera=camera1, x=1.0, y=0.0, zoom=0.0
2025-12-04 17:38:43,556 - ptz_service - INFO - PTZ stop camera=camera1, azimut=None
2025-12-04 17:38:43,592 - ptz_service - INFO - PTZ continuous_move camera=camera1, x=1.0, y=0.0, zoom=0.0
2025-12-04 17:38:43,692 - ptz_service - INFO - PTZ stop camera=camera1, azimut=None
2025-12-04 17:38:43,748 - ptz_service - INFO - PTZ continuous_move camera=camera1, x=1.0, y=0.0, zoom=0.0
2025-12-04 17:38:43,831 - ptz_service - INFO - PTZ stop camera=camera1, azimut=None
2025-12-04 17:38:43,892 - ptz_service - INFO - PTZ continuous_move camera=camera1, x=1.0, y=0.0, zoom=0.0
2025-12-04 17:38:44,008 - ptz_service - INFO - PTZ stop camera=camera1, azimut=None
2025-12-04 17:38:44,043 - ptz_service - INFO - PTZ continuous_move camera=camera1, x=1.0, y=0.0, zoom=0.0
2025-12-04 17:38:44,165 - ptz_service - INFO - PTZ stop camera=camera1, azimut=None
2025-12-04 17:38:44,207 - ptz_service - INFO - PTZ continuous_move camera=camera1, x=1.0, y=0.0, zoom=0.0
2025-12-04 17:38:44,326 - ptz_service - INFO - PTZ stop camera=camera1, azimut=None
2025-12-04 17:38:44,371 - ptz_service - INFO - PTZ continuous_move camera=camera1, x=1.0, y=0.0, zoom=0.0
2025-12-04 17:38:44,446 - ptz_service - INFO - PTZ stop camera=camera1, azimut=None
2025-12-04 17:38:44,497 - ptz_service - INFO - PTZ continuous_move camera=camera1, x=1.0, y=0.0, zoom=0.0
2025-12-04 17:38:44,622 - ptz_service - INFO - PTZ stop camera=camera1, azimut=None
2025-12-04 17:38:44,689 - ptz_service - INFO - PTZ continuous_move camera=camera1, x=1.0, y=0.0, zoom=0.0
2025-12-04 17:38:44,772 - ptz_service - INFO - PTZ stop camera=camera1, azimut=None
2025-12-04 17:38:44,841 - ptz_service - INFO - PTZ continuous_move camera=camera1, x=1.0, y=0.0, zoom=0.0
2025-12-04 17:38:44,913 - ptz_service - INFO - PTZ stop camera=camera1, azimut=None
2025-12-04 17:38:44,983 - ptz_service - INFO - PTZ continuous_move camera=camera1, x=1.0, y=0.0, zoom=0.0
2025-12-04 17:38:45,087 - ptz_service - INFO - PTZ stop camera=camera1, azimut=None
2025-12-04 17:38:45,137 - ptz_service - INFO - PTZ continuous_move camera=camera1, x=1.0, y=0.0, zoom=0.0
2025-12-04 17:38:45,259 - ptz_service - INFO - PTZ stop camera=camera1, azimut=None
2025-12-04 17:38:45,325 - ptz_service - INFO - PTZ continuous_move camera=camera1, x=1.0, y=0.0, zoom=0.0
2025-12-04 17:38:45,396 - ptz_service - INFO - PTZ stop camera=camera1, azimut=None
2025-12-04 17:38:45,464 - ptz_service - INFO - PTZ continuous_move camera=camera1, x=1.0, y=0.0, zoom=0.0
2025-12-04 17:38:45,584 - ptz_service - INFO - PTZ stop camera=camera1, azimut=None
2025-12-04 17:38:45,649 - ptz_service - INFO - PTZ continuous_move camera=camera1, x=1.0, y=0.0, zoom=0.0
2025-12-04 17:38:45,751 - ptz_service - INFO - PTZ stop camera=camera1, azimut=None
2025-12-04 17:38:45,776 - ptz_service - INFO - PTZ continuous_move camera=camera1, x=1.0, y=0.0, zoom=0.0
2025-12-04 17:38:45,896 - ptz_service - INFO - PTZ stop camera=camera1, azimut=None
2025-12-04 17:38:45,945 - ptz_service - INFO - PTZ continuous_move camera=camera1, x=1.0, y=0.0, zoom=0.0
2025-12-04 17:38:46,046 - ptz_service - INFO - PTZ stop camera=camera1, azimut=None
2025-12-04 17:38:46,103 - ptz_service - INFO - PTZ continuous_move camera=camera1, x=1.0, y=0.0, zoom=0.0
2025-12-04 17:38:46,208 - ptz_service - INFO - PTZ stop camera=camera1, azimut=None
2025-12-04 17:38:46,267 - ptz_service - INFO - PTZ continuous_move camera=camera1, x=1.0, y=0.0, zoom=0.0
2025-12-04 17:38:46,381 - ptz_service - INFO - PTZ stop camera=camera1, azimut=None
2025-12-04 17:38:46,443 - ptz_service - INFO - PTZ continuous_move camera=camera1, x=1.0, y=0.0, zoom=0.0
2025-12-04 17:38:46,610 - ptz_service - INFO - PTZ stop camera=camera1, azimut=None
2025-12-04 17:38:46,678 - ptz_service - INFO - PTZ continuous_move camera=camera1, x=1.0, y=0.0, zoom=0.0
2025-12-04 17:38:46,802 - ptz_service - INFO - PTZ stop camera=camera1, azimut=None
2025-12-04 17:38:46,866 - ptz_service - INFO - PTZ continuous_move camera=camera1, x=1.0, y=0.0, zoom=0.0
2025-12-04 17:38:47,069 - ptz_service - INFO - PTZ stop camera=camera1, azimut=None
2025-12-04 17:38:47,132 - ptz_service - INFO - PTZ continuous_move camera=camera1, x=1.0, y=0.0, zoom=0.0
2025-12-04 17:38:47,315 - ptz_service - INFO - PTZ stop camera=camera1, azimut=None
2025-12-04 17:38:47,366 - ptz_service - INFO - PTZ continuous_move camera=camera1, x=1.0, y=0.0, zoom=0.0
2025-12-04 17:38:47,558 - ptz_service - INFO - PTZ stop camera=camera1, azimut=None
2025-12-04 17:38:47,616 - ptz_service - INFO - PTZ continuous_move camera=camera1, x=1.0, y=0.0, zoom=0.0
2025-12-04 17:38:47,778 - ptz_service - INFO - PTZ stop camera=camera1, azimut=None
2025-12-04 17:38:48,871 - ptz_service - INFO - PTZ continuous_move camera=camera1, x=1.0, y=0.0, zoom=0.0
2025-12-04 17:38:49,244 - ptz_service - INFO - PTZ stop camera=camera1, azimut=None
2025-12-04 17:38:49,281 - ptz_service - INFO - PTZ continuous_move camera=camera1, x=1.0, y=0.0, zoom=0.0
2025-12-04 17:38:49,632 - ptz_service - INFO - PTZ stop camera=camera1, azimut=None
2025-12-04 17:38:49,685 - ptz_service - INFO - PTZ continuous_move camera=camera1, x=1.0, y=0.0, zoom=0.0
2025-12-04 17:38:50,040 - ptz_service - INFO - PTZ stop camera=camera1, azimut=None
2025-12-04 17:38:50,093 - ptz_service - INFO - PTZ continuous_move camera=camera1, x=1.0, y=0.0, zoom=0.0
2025-12-04 17:38:50,237 - ptz_service - INFO - PTZ stop camera=camera1, azimut=None
2025-12-04 17:38:52,345 - ptz_service - INFO - PTZ continuous_move camera=camera1, x=1.0, y=0.0, zoom=0.0
2025-12-04 17:38:52,564 - ptz_service - INFO - PTZ stop camera=camera1, azimut=None
2025-12-04 17:38:55,400 - ptz_service - INFO - PTZ continuous_move camera=camera1, x=-1.0, y=0.0, zoom=0.0
2025-12-04 17:38:55,624 - ptz_service - INFO - PTZ stop camera=camera1, azimut=None
2025-12-04 17:38:58,782 - ptz_service - INFO - PTZ continuous_move camera=camera1, x=-1.0, y=0.0, zoom=0.0
2025-12-04 17:38:58,896 - ptz_service - INFO - PTZ stop camera=camera1, azimut=None
2025-12-04 17:39:18,108 - ptz_service - INFO - PTZ continuous_move camera=camera1, x=-1.0, y=0.0, zoom=0.0
2025-12-04 17:39:18,360 - ptz_service - INFO - PTZ stop camera=camera1, azimut=None
2025-12-04 17:39:20,292 - ptz_service - INFO - PTZ continuous_move camera=camera1, x=-1.0, y=0.0, zoom=0.0
2025-12-04 17:39:20,525 - ptz_service - INFO - PTZ stop camera=camera1, azimut=None
2025-12-04 17:39:21,986 - ptz_service - INFO - PTZ continuous_move camera=camera1, x=-1.0, y=0.0, zoom=0.0
2025-12-04 17:39:22,219 - ptz_service - INFO - PTZ stop camera=camera1, azimut=None
2025-12-04 17:39:22,740 - ptz_service - INFO - PTZ continuous_move camera=camera1, x=-1.0, y=0.0, zoom=0.0
2025-12-04 17:39:22,963 - ptz_service - INFO - PTZ stop camera=camera1, azimut=None
2025-12-04 17:39:23,179 - ptz_service - INFO - PTZ continuous_move camera=camera1, x=-1.0, y=0.0, zoom=0.0
2025-12-04 17:39:23,411 - ptz_service - INFO - PTZ stop camera=camera1, azimut=None
2025-12-04 17:39:23,531 - ptz_service - INFO - PTZ continuous_move camera=camera1, x=-1.0, y=0.0, zoom=0.0
2025-12-04 17:39:23,787 - ptz_service - INFO - PTZ stop camera=camera1, azimut=None
2025-12-04 17:39:23,902 - ptz_service - INFO - PTZ continuous_move camera=camera1, x=-1.0, y=0.0, zoom=0.0
2025-12-04 17:39:24,186 - ptz_service - INFO - PTZ stop camera=camera1, azimut=None
2025-12-04 17:39:24,261 - ptz_service - INFO - PTZ continuous_move camera=camera1, x=-1.0, y=0.0, zoom=0.0
2025-12-04 17:39:24,503 - ptz_service - INFO - PTZ stop camera=camera1, azimut=None
2025-12-04 17:39:24,562 - ptz_service - INFO - PTZ continuous_move camera=camera1, x=-1.0, y=0.0, zoom=0.0
2025-12-04 17:39:24,823 - ptz_service - INFO - PTZ stop camera=camera1, azimut=None
2025-12-04 17:39:24,875 - ptz_service - INFO - PTZ continuous_move camera=camera1, x=-1.0, y=0.0, zoom=0.0
2025-12-04 17:39:25,154 - ptz_service - INFO - PTZ stop camera=camera1, azimut=None
2025-12-04 17:39:25,192 - ptz_service - INFO - PTZ continuous_move camera=camera1, x=-1.0, y=0.0, zoom=0.0
2025-12-04 17:39:25,467 - ptz_service - INFO - PTZ stop camera=camera1, azimut=None
2025-12-04 17:39:25,521 - ptz_service - INFO - PTZ continuous_move camera=camera1, x=-1.0, y=0.0, zoom=0.0
2025-12-04 17:39:25,695 - ptz_service - INFO - PTZ stop camera=camera1, azimut=None
2025-12-04 17:39:25,807 - ptz_service - INFO - PTZ continuous_move camera=camera1, x=-1.0, y=0.0, zoom=0.0
2025-12-04 17:39:26,051 - ptz_service - INFO - PTZ stop camera=camera1, azimut=None
2025-12-04 17:39:26,232 - ptz_service - INFO - PTZ continuous_move camera=camera1, x=-1.0, y=0.0, zoom=0.0
2025-12-04 17:39:26,459 - ptz_service - INFO - PTZ stop camera=camera1, azimut=None
2025-12-04 17:39:39,355 - ptz_service - INFO - PTZ continuous_move camera=camera1, x=-1.0, y=0.0, zoom=0.0
2025-12-04 17:39:39,516 - ptz_service - INFO - PTZ stop camera=camera1, azimut=None
2025-12-04 17:39:39,552 - ptz_service - INFO - PTZ continuous_move camera=camera1, x=-1.0, y=0.0, zoom=0.0
2025-12-04 17:39:39,708 - ptz_service - INFO - PTZ stop camera=camera1, azimut=None
2025-12-04 17:39:41,578 - ptz_service - INFO - PTZ continuous_move camera=camera1, x=-1.0, y=0.0, zoom=0.0
2025-12-04 17:39:41,821 - ptz_service - INFO - PTZ stop camera=camera1, azimut=None
2025-12-04 17:39:41,964 - ptz_service - INFO - PTZ continuous_move camera=camera1, x=-1.0, y=0.0, zoom=0.0
2025-12-04 17:39:42,189 - ptz_service - INFO - PTZ stop camera=camera1, azimut=None
2025-12-04 17:39:42,341 - ptz_service - INFO - PTZ continuous_move camera=camera1, x=-1.0, y=0.0, zoom=0.0
2025-12-04 17:39:42,559 - ptz_service - INFO - PTZ stop camera=camera1, azimut=None
2025-12-04 17:39:45,247 - ptz_service - INFO - PTZ continuous_move camera=camera1, x=0.0, y=1.0, zoom=0.0
2025-12-04 17:39:45,466 - ptz_service - INFO - PTZ stop camera=camera1, azimut=None
2025-12-04 17:39:45,556 - ptz_service - INFO - PTZ continuous_move camera=camera1, x=0.0, y=1.0, zoom=0.0
2025-12-04 17:39:45,885 - ptz_service - INFO - PTZ stop camera=camera1, azimut=None
2025-12-04 17:39:45,948 - ptz_service - INFO - PTZ continuous_move camera=camera1, x=0.0, y=1.0, zoom=0.0
2025-12-04 17:39:46,109 - ptz_service - INFO - PTZ stop camera=camera1, azimut=None
2025-12-04 17:39:47,930 - ptz_service - INFO - PTZ continuous_move camera=camera1, x=0.0, y=-1.0, zoom=0.0
2025-12-04 17:39:48,233 - ptz_service - INFO - PTZ stop camera=camera1, azimut=None
2025-12-04 17:39:48,293 - ptz_service - INFO - PTZ continuous_move camera=camera1, x=0.0, y=-1.0, zoom=0.0
2025-12-04 17:39:48,501 - ptz_service - INFO - PTZ stop camera=camera1, azimut=None
2025-12-04 17:39:48,573 - ptz_service - INFO - PTZ continuous_move camera=camera1, x=0.0, y=-1.0, zoom=0.0
2025-12-04 17:39:48,731 - ptz_service - INFO - PTZ stop camera=camera1, azimut=None
2025-12-04 17:40:55,989 - ptz_service - INFO - Restart PTZ controller before move: camera1
2025-12-04 17:40:55,991 - ptz_service - INFO - PTZ camera1 moved to azimuth 79.25
2025-12-04 17:41:02,022 - ptz_service - INFO - Restart PTZ controller before move: camera1
2025-12-04 17:41:02,023 - ptz_service - INFO - PTZ camera1 moved to azimuth 79.25
2025-12-04 17:41:08,012 - ptz_service - INFO - Restart PTZ controller before move: camera1
2025-12-04 17:41:08,033 - ptz_service - INFO - PTZ camera1 moved to azimuth 79.25
2025-12-04 17:41:13,805 - ptz_service - INFO - Restart PTZ controller before move: camera1
2025-12-04 17:41:13,808 - ptz_service - INFO - PTZ camera1 moved to azimuth 79.25
2025-12-04 17:41:18,040 - ptz_service - INFO - Restart PTZ controller before move: camera1
2025-12-04 17:41:18,052 - ptz_service - INFO - PTZ camera1 moved to azimuth 79.33
2025-12-04 17:41:20,516 - ptz_service - INFO - Restart PTZ controller before move: camera1
2025-12-04 17:41:20,534 - ptz_service - INFO - PTZ camera1 moved to azimuth 79.34
2025-12-04 17:41:24,738 - ptz_service - INFO - Restart PTZ controller before move: camera1
2025-12-04 17:41:24,763 - ptz_service - INFO - PTZ camera1 moved to azimuth 79.12
2025-12-04 17:41:32,294 - ptz_service - INFO - Restart PTZ controller before move: camera1
2025-12-04 17:41:32,297 - ptz_service - INFO - PTZ camera1 moved to azimuth 79.12
2025-12-04 17:41:50,813 - ptz_service - INFO - Restart PTZ controller before move: camera1
2025-12-04 17:41:50,818 - ptz_service - INFO - PTZ camera1 moved to azimuth 79.26
2025-12-04 17:41:58,006 - ptz_service - INFO - Restart PTZ controller before move: camera1
2025-12-04 17:41:58,008 - ptz_service - INFO - PTZ camera1 moved to azimuth 79.29
2025-12-04 17:42:02,788 - ptz_service - INFO - Restart PTZ controller before move: camera1
2025-12-04 17:42:02,812 - ptz_service - INFO - PTZ camera1 moved to azimuth 79.28
2025-12-04 17:42:07,521 - ptz_service - INFO - Restart PTZ controller before move: camera1
2025-12-04 17:42:07,542 - ptz_service - INFO - PTZ camera1 moved to azimuth 78.66
2025-12-04 17:42:11,329 - ptz_service - INFO - Restart PTZ controller before move: camera1
2025-12-04 17:42:11,350 - ptz_service - INFO - PTZ camera1 moved to azimuth 78.67
2025-12-04 17:42:16,815 - ptz_service - INFO - PTZ stop camera=camera1, azimut=None
2025-12-04 17:42:17,360 - ptz_service - INFO - Restart PTZ controller before move: camera1
2025-12-04 17:42:17,362 - ptz_service - INFO - PTZ camera1 moved to azimuth 78.67
2025-12-04 17:42:23,441 - ptz_service - INFO - Restart PTZ controller before move: camera1
2025-12-04 17:42:23,467 - ptz_service - INFO - PTZ camera1 moved to azimuth 78.68
2025-12-04 17:42:29,357 - ptz_service - INFO - Restart PTZ controller before move: camera1
2025-12-04 17:42:29,381 - ptz_service - INFO - PTZ camera1 moved to azimuth 79.51
2025-12-04 17:42:35,848 - ptz_service - INFO - Restart PTZ controller before move: camera1
2025-12-04 17:42:35,863 - ptz_service - INFO - PTZ camera1 moved to azimuth 79.30
2025-12-04 17:42:44,713 - ptz_service - INFO - Restart PTZ controller before move: camera1
2025-12-04 17:42:44,725 - ptz_service - INFO - PTZ camera1 moved to azimuth 78.69
2025-12-04 17:42:47,615 - ptz_service - INFO - Restart PTZ controller before move: camera1
2025-12-04 17:42:47,617 - ptz_service - INFO - PTZ camera1 moved to azimuth 78.70
2025-12-04 17:42:53,650 - ptz_service - INFO - Restart PTZ controller before move: camera1
2025-12-04 17:42:53,670 - ptz_service - INFO - PTZ camera1 moved to azimuth 78.70
2025-12-04 17:42:59,681 - ptz_service - INFO - Restart PTZ controller before move: camera1
2025-12-04 17:42:59,704 - ptz_service - INFO - PTZ camera1 moved to azimuth 78.71
2025-12-04 17:43:05,718 - ptz_service - INFO - Restart PTZ controller before move: camera1
2025-12-04 17:43:05,738 - ptz_service - INFO - PTZ camera1 moved to azimuth 78.71
2025-12-04 17:43:11,763 - ptz_service - INFO - Restart PTZ controller before move: camera1
2025-12-04 17:43:11,789 - ptz_service - INFO - PTZ camera1 moved to azimuth 78.72
2025-12-04 17:43:17,799 - ptz_service - INFO - Restart PTZ controller before move: camera1
2025-12-04 17:43:17,802 - ptz_service - INFO - PTZ camera1 moved to azimuth 78.73
2025-12-04 17:43:23,877 - ptz_service - INFO - Restart PTZ controller before move: camera1
2025-12-04 17:43:23,878 - ptz_service - INFO - PTZ camera1 moved to azimuth 78.73
2025-12-04 17:43:29,911 - ptz_service - INFO - Restart PTZ controller before move: camera1
2025-12-04 17:43:29,913 - ptz_service - INFO - PTZ camera1 moved to azimuth 78.74
2025-12-04 17:43:35,947 - ptz_service - INFO - Restart PTZ controller before move: camera1
2025-12-04 17:43:35,968 - ptz_service - INFO - PTZ camera1 moved to azimuth 78.74
2025-12-04 17:43:41,979 - ptz_service - INFO - Restart PTZ controller before move: camera1
2025-12-04 17:43:41,983 - ptz_service - INFO - PTZ camera1 moved to azimuth 78.74
2025-12-04 17:43:48,058 - ptz_service - INFO - Restart PTZ controller before move: camera1
2025-12-04 17:43:48,060 - ptz_service - INFO - PTZ camera1 moved to azimuth 78.74
2025-12-04 17:43:54,091 - ptz_service - INFO - Restart PTZ controller before move: camera1
2025-12-04 17:43:54,107 - ptz_service - INFO - PTZ camera1 moved to azimuth 78.75
2025-12-04 17:44:00,121 - ptz_service - INFO - Restart PTZ controller before move: camera1
2025-12-04 17:44:00,123 - ptz_service - INFO - PTZ camera1 moved to azimuth 78.75
2025-12-04 17:44:06,201 - ptz_service - INFO - Restart PTZ controller before move: camera1
2025-12-04 17:44:06,202 - ptz_service - INFO - PTZ camera1 moved to azimuth 78.75
2025-12-04 17:44:12,284 - ptz_service - INFO - Restart PTZ controller before move: camera1
2025-12-04 17:44:12,299 - ptz_service - INFO - PTZ camera1 moved to azimuth 78.75
2025-12-04 17:44:18,317 - ptz_service - INFO - Restart PTZ controller before move: camera1
2025-12-04 17:44:18,341 - ptz_service - INFO - PTZ camera1 moved to azimuth 78.75
2025-12-04 17:44:24,396 - ptz_service - INFO - Restart PTZ controller before move: camera1
2025-12-04 17:44:24,399 - ptz_service - INFO - PTZ camera1 moved to azimuth 78.75
2025-12-04 17:44:30,446 - ptz_service - INFO - Restart PTZ controller before move: camera1
2025-12-04 17:44:30,448 - ptz_service - INFO - PTZ camera1 moved to azimuth 78.76
2025-12-04 17:44:36,482 - ptz_service - INFO - Restart PTZ controller before move: camera1
2025-12-04 17:44:36,483 - ptz_service - INFO - PTZ camera1 moved to azimuth 78.76
2025-12-04 17:44:42,565 - ptz_service - INFO - Restart PTZ controller before move: camera1
2025-12-04 17:44:42,567 - ptz_service - INFO - PTZ camera1 moved to azimuth 78.76
2025-12-04 17:44:48,616 - ptz_service - INFO - Restart PTZ controller before move: camera1
2025-12-04 17:44:48,617 - ptz_service - INFO - PTZ camera1 moved to azimuth 78.77
2025-12-04 17:44:54,694 - ptz_service - INFO - Restart PTZ controller before move: camera1
2025-12-04 17:44:54,714 - ptz_service - INFO - PTZ camera1 moved to azimuth 78.77
2025-12-04 17:45:00,729 - ptz_service - INFO - Restart PTZ controller before move: camera1
2025-12-04 17:45:00,749 - ptz_service - INFO - PTZ camera1 moved to azimuth 78.77
2025-12-04 17:45:06,812 - ptz_service - INFO - Restart PTZ controller before move: camera1
2025-12-04 17:45:06,828 - ptz_service - INFO - PTZ camera1 moved to azimuth 78.77
2025-12-04 17:45:12,847 - ptz_service - INFO - Restart PTZ controller before move: camera1
2025-12-04 17:45:12,869 - ptz_service - INFO - PTZ camera1 moved to azimuth 78.78
2025-12-04 17:45:25,406 - ptz_service - INFO - Restart PTZ controller before move: camera1
2025-12-04 17:45:25,431 - ptz_service - INFO - PTZ camera1 moved to azimuth 330.74
2025-12-04 17:45:32,839 - ptz_service - INFO - Restart PTZ controller before move: camera1
2025-12-04 17:45:32,841 - ptz_service - INFO - PTZ camera1 moved to azimuth 330.47
2025-12-04 17:45:40,609 - ptz_service - INFO - Restart PTZ controller before move: camera1
2025-12-04 17:45:40,613 - ptz_service - INFO - PTZ camera1 moved to azimuth 330.93
2025-12-04 17:45:50,160 - ptz_service - INFO - Restart PTZ controller before move: camera1
2025-12-04 17:45:50,162 - ptz_service - INFO - PTZ camera1 moved to azimuth 330.52
2025-12-04 17:45:52,073 - ptz_service - INFO - Restart PTZ controller before move: camera1
2025-12-04 17:45:52,074 - ptz_service - INFO - PTZ camera1 moved to azimuth 330.52
2025-12-04 17:45:58,238 - ptz_service - INFO - Restart PTZ controller before move: camera1
2025-12-04 17:45:58,264 - ptz_service - INFO - PTZ camera1 moved to azimuth 330.36
2025-12-04 17:47:18,697 - ptz_service - INFO - Restart PTZ controller before move: camera1
2025-12-04 17:47:18,720 - ptz_service - INFO - PTZ camera1 moved to azimuth 175.66
2025-12-04 17:47:22,638 - ptz_service - INFO - Restart PTZ controller before move: camera1
2025-12-04 17:47:22,663 - ptz_service - INFO - PTZ camera1 moved to azimuth 180.78
2025-12-04 17:47:32,284 - ptz_service - INFO - Restart PTZ controller before move: camera1
2025-12-04 17:47:32,287 - ptz_service - INFO - PTZ camera1 moved to azimuth 249.17
2025-12-04 17:47:35,682 - ptz_service - INFO - Restart PTZ controller before move: camera1
2025-12-04 17:47:35,696 - ptz_service - INFO - PTZ camera1 moved to azimuth 249.80
2025-12-04 17:47:41,715 - ptz_service - INFO - Restart PTZ controller before move: camera1
2025-12-04 17:47:41,716 - ptz_service - INFO - PTZ camera1 moved to azimuth 250.45
2025-12-04 17:47:47,748 - ptz_service - INFO - Restart PTZ controller before move: camera1
2025-12-04 17:47:47,767 - ptz_service - INFO - PTZ camera1 moved to azimuth 251.23
2025-12-04 17:47:53,781 - ptz_service - INFO - Restart PTZ controller before move: camera1
2025-12-04 17:47:53,794 - ptz_service - INFO - PTZ camera1 moved to azimuth 251.77
2025-12-04 17:47:59,810 - ptz_service - INFO - Restart PTZ controller before move: camera1
2025-12-04 17:47:59,837 - ptz_service - INFO - PTZ camera1 moved to azimuth 252.43
2025-12-04 17:48:11,212 - ptz_service - INFO - Restart PTZ controller before move: camera1
2025-12-04 17:48:11,214 - ptz_service - INFO - PTZ camera1 moved to azimuth 196.91
2025-12-04 17:48:18,660 - ptz_service - INFO - Restart PTZ controller before move: camera1
2025-12-04 17:48:18,662 - ptz_service - INFO - PTZ camera1 moved to azimuth 247.40
2025-12-04 17:48:24,139 - ptz_service - INFO - Restart PTZ controller before move: camera1
2025-12-04 17:48:24,154 - ptz_service - INFO - PTZ camera1 moved to azimuth 247.18
2025-12-04 17:48:24,630 - ptz_service - INFO - Restart PTZ controller before move: camera1
2025-12-04 17:48:24,655 - ptz_service - INFO - PTZ camera1 moved to azimuth 247.18
2025-12-04 17:48:30,225 - ptz_service - INFO - Restart PTZ controller before move: camera1
2025-12-04 17:48:30,252 - ptz_service - INFO - PTZ camera1 moved to azimuth 246.46
2025-12-04 17:48:36,277 - ptz_service - INFO - Restart PTZ controller before move: camera1
2025-12-04 17:48:36,301 - ptz_service - INFO - PTZ camera1 moved to azimuth 246.13
2025-12-04 17:49:07,679 - ptz_service - INFO - Restart PTZ controller before move: camera1
2025-12-04 17:49:07,682 - ptz_service - INFO - PTZ camera1 moved to azimuth 246.87
2025-12-04 17:49:16,448 - ptz_service - INFO - Restart PTZ controller before move: camera1
2025-12-04 17:49:16,450 - ptz_service - INFO - PTZ camera1 moved to azimuth 123.27
2025-12-04 17:50:01,924 - ptz_service - INFO - Restart PTZ controller before move: camera1
2025-12-04 17:50:01,949 - ptz_service - INFO - PTZ camera1 moved to azimuth 254.77
2025-12-04 17:50:14,344 - ptz_service - INFO - Restart PTZ controller before move: camera1
2025-12-04 17:50:14,346 - ptz_service - INFO - PTZ camera1 moved to azimuth 193.38
2025-12-04 17:50:31,743 - ptz_service - INFO - Restart PTZ controller before move: camera1
2025-12-04 17:50:31,746 - ptz_service - INFO - PTZ camera1 moved to azimuth 183.49
2025-12-04 17:50:43,845 - ptz_service - INFO - Restart PTZ controller before move: camera1
2025-12-04 17:50:43,871 - ptz_service - INFO - PTZ camera1 moved to azimuth 187.93
2025-12-04 17:50:46,439 - ptz_service - INFO - Restart PTZ controller before move: camera1
2025-12-04 17:50:46,454 - ptz_service - INFO - PTZ camera1 moved to azimuth 189.03
2025-12-04 17:52:31,968 - ptz_service - INFO - Restart PTZ controller before move: camera1
2025-12-04 17:52:31,972 - ptz_service - INFO - PTZ camera1 moved to azimuth 190.31
2025-12-04 17:52:42,213 - ptz_service - INFO - Restart PTZ controller before move: camera1
2025-12-04 17:52:42,217 - ptz_service - INFO - PTZ camera1 moved to azimuth 252.65
2025-12-04 17:52:57,205 - ptz_service - INFO - Restart PTZ controller before move: camera1
2025-12-04 17:52:57,213 - ptz_service - INFO - PTZ camera1 moved to azimuth 180.37
2025-12-04 17:52:58,948 - ptz_service - INFO - Restart PTZ controller before move: camera1
2025-12-04 17:52:58,967 - ptz_service - INFO - PTZ camera1 moved to azimuth 179.69
2025-12-04 17:53:03,843 - ptz_service - INFO - PTZ continuous_move camera=camera1, x=0.0, y=-1.0, zoom=0.0
2025-12-04 17:53:04,240 - ptz_service - INFO - PTZ stop camera=camera1, azimut=None
2025-12-04 17:53:05,119 - ptz_service - INFO - PTZ continuous_move camera=camera1, x=1.0, y=0.0, zoom=0.0
2025-12-04 17:53:05,646 - ptz_service - INFO - PTZ stop camera=camera1, azimut=None
2025-12-04 17:53:07,178 - ptz_service - INFO - PTZ continuous_move camera=camera1, x=1.0, y=0.0, zoom=0.0
2025-12-04 17:53:07,642 - ptz_service - INFO - PTZ stop camera=camera1, azimut=None
2025-12-04 17:53:08,462 - ptz_service - INFO - PTZ continuous_move camera=camera1, x=0.0, y=-1.0, zoom=0.0
2025-12-04 17:53:08,849 - ptz_service - INFO - PTZ stop camera=camera1, azimut=None
2025-12-04 17:53:08,908 - ptz_service - INFO - PTZ continuous_move camera=camera1, x=0.0, y=-1.0, zoom=0.0
2025-12-04 17:53:09,070 - ptz_service - INFO - PTZ stop camera=camera1, azimut=None
2025-12-04 17:53:11,541 - ptz_service - INFO - PTZ continuous_move camera=camera1, x=-1.0, y=0.0, zoom=0.0
2025-12-04 17:53:13,028 - ptz_service - INFO - PTZ stop camera=camera1, azimut=None
2025-12-04 17:53:15,522 - ptz_service - INFO - PTZ continuous_move camera=camera1, x=-1.0, y=0.0, zoom=0.0
2025-12-04 17:53:15,875 - ptz_service - INFO - PTZ stop camera=camera1, azimut=None
2025-12-04 17:53:15,909 - ptz_service - INFO - PTZ continuous_move camera=camera1, x=-1.0, y=0.0, zoom=0.0
2025-12-04 17:53:16,317 - ptz_service - INFO - PTZ stop camera=camera1, azimut=None
2025-12-04 17:53:16,941 - ptz_service - INFO - PTZ continuous_move camera=camera1, x=0.0, y=1.0, zoom=0.0
2025-12-04 17:53:17,455 - ptz_service - INFO - PTZ stop camera=camera1, azimut=None
2025-12-04 17:53:20,977 - ptz_service - INFO - PTZ continuous_move camera=camera1, x=-1.0, y=0.0, zoom=0.0
2025-12-04 17:53:21,594 - ptz_service - INFO - PTZ stop camera=camera1, azimut=None
2025-12-04 17:53:21,769 - ptz_service - INFO - PTZ continuous_move camera=camera1, x=1.0, y=0.0, zoom=0.0
2025-12-04 17:53:21,952 - ptz_service - INFO - PTZ stop camera=camera1, azimut=None
2025-12-04 17:53:22,014 - ptz_service - INFO - PTZ continuous_move camera=camera1, x=1.0, y=0.0, zoom=0.0
2025-12-04 17:53:23,801 - ptz_service - INFO - PTZ stop camera=camera1, azimut=None
2025-12-04 17:53:24,590 - ptz_service - INFO - PTZ continuous_move camera=camera1, x=0.0, y=-1.0, zoom=0.0
2025-12-04 17:53:25,110 - ptz_service - INFO - PTZ stop camera=camera1, azimut=None
2025-12-04 17:53:26,006 - ptz_service - INFO - PTZ continuous_move camera=camera1, x=1.0, y=0.0, zoom=0.0
2025-12-04 17:53:26,336 - ptz_service - INFO - PTZ stop camera=camera1, azimut=None
2025-12-04 17:53:26,392 - ptz_service - INFO - PTZ continuous_move camera=camera1, x=1.0, y=0.0, zoom=0.0
2025-12-04 17:53:26,567 - ptz_service - INFO - PTZ stop camera=camera1, azimut=None
2025-12-04 17:53:26,840 - ptz_service - INFO - PTZ continuous_move camera=camera1, x=1.0, y=0.0, zoom=0.0
2025-12-04 17:53:27,028 - ptz_service - INFO - PTZ stop camera=camera1, azimut=None
2025-12-04 17:53:27,082 - ptz_service - INFO - PTZ continuous_move camera=camera1, x=1.0, y=0.0, zoom=0.0
2025-12-04 17:53:27,277 - ptz_service - INFO - PTZ stop camera=camera1, azimut=None
2025-12-04 17:53:27,315 - ptz_service - INFO - PTZ continuous_move camera=camera1, x=1.0, y=0.0, zoom=0.0
2025-12-04 17:53:27,491 - ptz_service - INFO - PTZ stop camera=camera1, azimut=None
2025-12-04 17:53:28,223 - ptz_service - INFO - PTZ continuous_move camera=camera1, x=1.0, y=0.0, zoom=0.0
2025-12-04 17:53:28,350 - ptz_service - INFO - PTZ stop camera=camera1, azimut=None
2025-12-04 17:53:28,412 - ptz_service - INFO - PTZ continuous_move camera=camera1, x=1.0, y=0.0, zoom=0.0
2025-12-04 17:53:28,575 - ptz_service - INFO - PTZ stop camera=camera1, azimut=None
2025-12-04 17:53:29,162 - ptz_service - INFO - PTZ continuous_move camera=camera1, x=1.0, y=0.0, zoom=0.0
2025-12-04 17:53:29,678 - ptz_service - INFO - PTZ stop camera=camera1, azimut=None
2025-12-04 17:53:36,901 - ptz_service - INFO - PTZ continuous_move camera=camera1, x=1.0, y=0.0, zoom=0.0
2025-12-04 17:53:37,332 - ptz_service - INFO - PTZ stop camera=camera1, azimut=None
2025-12-04 17:53:39,917 - ptz_service - INFO - PTZ continuous_move camera=camera1, x=0.0, y=1.0, zoom=0.0
2025-12-04 17:53:40,123 - ptz_service - INFO - PTZ stop camera=camera1, azimut=None
2025-12-04 17:53:40,171 - ptz_service - INFO - PTZ continuous_move camera=camera1, x=0.0, y=1.0, zoom=0.0
2025-12-04 17:53:40,341 - ptz_service - INFO - PTZ stop camera=camera1, azimut=None
2025-12-04 17:53:54,247 - ptz_service - INFO - PTZ continuous_move camera=camera1, x=1.0, y=0.0, zoom=0.0
2025-12-04 17:53:55,797 - ptz_service - INFO - PTZ stop camera=camera1, azimut=None
2025-12-04 17:53:59,264 - ptz_service - INFO - PTZ continuous_move camera=camera1, x=1.0, y=0.0, zoom=0.0
2025-12-04 17:54:00,447 - ptz_service - INFO - PTZ stop camera=camera1, azimut=None
2025-12-05 16:31:01,911 - ptz_service - INFO - PTZ continuous_move camera=camera1, x=1.0, y=0.0, zoom=0.0
2025-12-05 16:31:03,219 - ptz_service - INFO - PTZ stop camera=camera1, azimut=None
2025-12-05 16:31:06,906 - ptz_service - INFO - PTZ continuous_move camera=camera1, x=1.0, y=0.0, zoom=0.0
2025-12-05 16:31:09,880 - ptz_service - INFO - PTZ stop camera=camera1, azimut=None
2025-12-05 16:31:12,448 - ptz_service - INFO - PTZ continuous_move camera=camera1, x=0.0, y=1.0, zoom=0.0
2025-12-05 16:31:12,859 - ptz_service - INFO - PTZ stop camera=camera1, azimut=None
2025-12-05 16:31:14,652 - ptz_service - INFO - PTZ continuous_move camera=camera1, x=0.0, y=1.0, zoom=0.0
2025-12-05 16:31:15,143 - ptz_service - INFO - PTZ stop camera=camera1, azimut=None
2025-12-05 16:31:17,683 - ptz_service - INFO - PTZ continuous_move camera=camera1, x=0.0, y=-1.0, zoom=0.0
2025-12-05 16:31:18,138 - ptz_service - INFO - PTZ stop camera=camera1, azimut=None
2025-12-05 16:31:29,796 - ptz_service - INFO - PTZ continuous_move camera=camera1, x=1.0, y=0.0, zoom=0.0
2025-12-05 16:31:30,561 - ptz_service - INFO - PTZ stop camera=camera1, azimut=None
2025-12-05 16:31:33,677 - ptz_service - INFO - PTZ continuous_move camera=camera1, x=-1.0, y=0.0, zoom=0.0
2025-12-05 16:31:33,966 - ptz_service - INFO - PTZ stop camera=camera1, azimut=None
2025-12-05 16:31:34,018 - ptz_service - INFO - PTZ continuous_move camera=camera1, x=-1.0, y=0.0, zoom=0.0
2025-12-05 16:31:34,190 - ptz_service - INFO - PTZ stop camera=camera1, azimut=None
2025-12-05 16:31:36,112 - ptz_service - INFO - PTZ continuous_move camera=camera1, x=-1.0, y=0.0, zoom=0.0
2025-12-05 16:31:36,392 - ptz_service - INFO - PTZ stop camera=camera1, azimut=None
2025-12-05 16:31:36,431 - ptz_service - INFO - PTZ continuous_move camera=camera1, x=-1.0, y=0.0, zoom=0.0
2025-12-05 16:31:36,593 - ptz_service - INFO - PTZ stop camera=camera1, azimut=None
2025-12-05 16:31:37,250 - ptz_service - INFO - PTZ continuous_move camera=camera1, x=-1.0, y=0.0, zoom=0.0
2025-12-05 16:31:38,634 - ptz_service - INFO - PTZ stop camera=camera1, azimut=None
2025-12-05 16:31:40,368 - ptz_service - INFO - PTZ continuous_move camera=camera1, x=1.0, y=0.0, zoom=0.0
2025-12-05 16:31:41,710 - ptz_service - INFO - PTZ stop camera=camera1, azimut=None
2025-12-05 16:31:44,379 - ptz_service - INFO - PTZ continuous_move camera=camera1, x=-1.0, y=0.0, zoom=0.0
2025-12-05 16:31:44,770 - ptz_service - INFO - PTZ stop camera=camera1, azimut=None
2025-12-05 16:33:08,217 - ptz_service - INFO - PTZ continuous_move camera=camera1, x=1.0, y=0.0, zoom=0.0
2025-12-05 16:33:12,322 - ptz_service - INFO - PTZ stop camera=camera1, azimut=None
2025-12-05 16:33:15,408 - ptz_service - INFO - PTZ continuous_move camera=camera1, x=-1.0, y=0.0, zoom=0.0
2025-12-05 16:33:15,975 - ptz_service - INFO - PTZ stop camera=camera1, azimut=None
2025-12-05 16:33:19,358 - ptz_service - INFO - PTZ continuous_move camera=camera1, x=0.0, y=-1.0, zoom=0.0
2025-12-05 16:33:19,967 - ptz_service - INFO - PTZ stop camera=camera1, azimut=None
2025-12-05 16:33:22,782 - ptz_service - INFO - PTZ continuous_move camera=camera1, x=-1.0, y=0.0, zoom=0.0
2025-12-05 16:33:23,071 - ptz_service - INFO - PTZ stop camera=camera1, azimut=None
2025-12-05 16:33:23,134 - ptz_service - INFO - PTZ continuous_move camera=camera1, x=-1.0, y=0.0, zoom=0.0
2025-12-05 16:33:23,294 - ptz_service - INFO - PTZ stop camera=camera1, azimut=None
2025-12-05 16:33:25,022 - ptz_service - INFO - PTZ continuous_move camera=camera1, x=0.0, y=1.0, zoom=0.0
2025-12-05 16:33:25,436 - ptz_service - INFO - PTZ stop camera=camera1, azimut=None
2025-12-05 16:33:27,721 - ptz_service - INFO - PTZ continuous_move camera=camera1, x=0.0, y=-1.0, zoom=0.0
2025-12-05 16:33:28,070 - ptz_service - INFO - PTZ stop camera=camera1, azimut=None
2025-12-05 16:33:28,123 - ptz_service - INFO - PTZ continuous_move camera=camera1, x=0.0, y=-1.0, zoom=0.0
2025-12-05 16:33:28,297 - ptz_service - INFO - PTZ stop camera=camera1, azimut=None
2025-12-05 16:34:28,059 - ptz_service - INFO - PTZ continuous_move camera=camera1, x=1.0, y=0.0, zoom=0.0
2025-12-05 16:34:28,402 - ptz_service - INFO - PTZ stop camera=camera1, azimut=None
2025-12-05 16:34:28,451 - ptz_service - INFO - PTZ continuous_move camera=camera1, x=1.0, y=0.0, zoom=0.0
2025-12-05 16:34:28,612 - ptz_service - INFO - PTZ stop camera=camera1, azimut=None
2025-12-05 16:34:45,611 - ptz_service - INFO - PTZ continuous_move camera=camera1, x=1.0, y=0.0, zoom=0.0
2025-12-05 16:34:45,776 - ptz_service - INFO - PTZ stop camera=camera1, azimut=None
2025-12-05 16:34:47,198 - ptz_service - INFO - PTZ continuous_move camera=camera1, x=1.0, y=0.0, zoom=0.0
2025-12-05 16:34:47,389 - ptz_service - INFO - PTZ stop camera=camera1, azimut=None
2025-12-05 16:34:47,538 - ptz_service - INFO - PTZ continuous_move camera=camera1, x=1.0, y=0.0, zoom=0.0
2025-12-05 16:34:47,671 - ptz_service - INFO - PTZ stop camera=camera1, azimut=None
2025-12-05 16:34:47,780 - ptz_service - INFO - PTZ continuous_move camera=camera1, x=1.0, y=0.0, zoom=0.0
2025-12-05 16:34:47,881 - ptz_service - INFO - PTZ stop camera=camera1, azimut=None
2025-12-05 16:34:48,014 - ptz_service - INFO - PTZ continuous_move camera=camera1, x=1.0, y=0.0, zoom=0.0
2025-12-05 16:34:48,147 - ptz_service - INFO - PTZ stop camera=camera1, azimut=None
2025-12-05 16:34:49,298 - ptz_service - INFO - PTZ continuous_move camera=camera1, x=1.0, y=0.0, zoom=0.0
2025-12-05 16:34:49,437 - ptz_service - INFO - PTZ stop camera=camera1, azimut=None
2025-12-05 16:34:49,521 - ptz_service - INFO - PTZ continuous_move camera=camera1, x=1.0, y=0.0, zoom=0.0
2025-12-05 16:34:51,176 - ptz_service - INFO - PTZ stop camera=camera1, azimut=None
2025-12-05 16:34:54,417 - ptz_service - INFO - PTZ set_zoom camera=camera1, delta=-0.03
2025-12-05 16:34:54,796 - ptz_service - INFO - PTZ set_zoom camera=camera1, delta=-0.03
2025-12-05 16:34:54,984 - ptz_service - INFO - PTZ set_zoom camera=camera1, delta=-0.03
2025-12-05 16:34:55,172 - ptz_service - INFO - PTZ set_zoom camera=camera1, delta=-0.03
2025-12-05 16:34:55,360 - ptz_service - INFO - PTZ set_zoom camera=camera1, delta=-0.03
2025-12-05 16:34:55,566 - ptz_service - INFO - PTZ set_zoom camera=camera1, delta=-0.03
2025-12-05 16:34:56,224 - ptz_service - INFO - PTZ set_zoom camera=camera1, delta=-0.03
2025-12-05 16:34:56,984 - ptz_service - INFO - PTZ set_zoom camera=camera1, delta=0.03
2025-12-05 16:34:57,203 - ptz_service - INFO - PTZ set_zoom camera=camera1, delta=0.03
2025-12-05 16:34:57,400 - ptz_service - INFO - PTZ set_zoom camera=camera1, delta=0.03
2025-12-05 16:34:57,602 - ptz_service - INFO - PTZ set_zoom camera=camera1, delta=0.03
2025-12-05 16:34:57,804 - ptz_service - INFO - PTZ set_zoom camera=camera1, delta=0.03
2025-12-05 16:34:57,990 - ptz_service - INFO - PTZ set_zoom camera=camera1, delta=0.03
2025-12-05 16:34:58,196 - ptz_service - INFO - PTZ set_zoom camera=camera1, delta=0.03
2025-12-05 16:34:58,416 - ptz_service - INFO - PTZ set_zoom camera=camera1, delta=0.03
2025-12-05 16:35:00,555 - ptz_service - INFO - PTZ set_zoom camera=camera1, delta=0.03
2025-12-05 16:35:00,776 - ptz_service - INFO - PTZ set_zoom camera=camera1, delta=0.03
2025-12-05 16:35:00,982 - ptz_service - INFO - PTZ set_zoom camera=camera1, delta=0.03
2025-12-05 16:35:01,170 - ptz_service - INFO - PTZ set_zoom camera=camera1, delta=0.03
2025-12-05 16:35:01,342 - ptz_service - INFO - PTZ set_zoom camera=camera1, delta=0.03
2025-12-05 16:35:01,530 - ptz_service - INFO - PTZ set_zoom camera=camera1, delta=0.03
2025-12-05 16:35:01,721 - ptz_service - INFO - PTZ set_zoom camera=camera1, delta=0.03
2025-12-05 16:35:02,833 - ptz_service - INFO - PTZ continuous_move camera=camera1, x=0.0, y=1.0, zoom=0.0
2025-12-05 16:35:02,948 - ptz_service - INFO - PTZ stop camera=camera1, azimut=None
2025-12-05 16:35:03,493 - ptz_service - INFO - PTZ continuous_move camera=camera1, x=0.0, y=1.0, zoom=0.0
2025-12-05 16:35:03,558 - ptz_service - INFO - PTZ stop camera=camera1, azimut=None
2025-12-05 16:35:03,685 - ptz_service - INFO - PTZ continuous_move camera=camera1, x=0.0, y=1.0, zoom=0.0
2025-12-05 16:35:03,806 - ptz_service - INFO - PTZ stop camera=camera1, azimut=None
2025-12-05 16:35:03,919 - ptz_service - INFO - PTZ continuous_move camera=camera1, x=0.0, y=1.0, zoom=0.0
2025-12-05 16:35:04,028 - ptz_service - INFO - PTZ stop camera=camera1, azimut=None
2025-12-05 16:35:04,158 - ptz_service - INFO - PTZ continuous_move camera=camera1, x=0.0, y=1.0, zoom=0.0
2025-12-05 16:35:04,277 - ptz_service - INFO - PTZ stop camera=camera1, azimut=None
2025-12-05 16:35:04,387 - ptz_service - INFO - PTZ continuous_move camera=camera1, x=0.0, y=1.0, zoom=0.0
2025-12-05 16:35:04,498 - ptz_service - INFO - PTZ stop camera=camera1, azimut=None
2025-12-05 16:35:04,591 - ptz_service - INFO - PTZ continuous_move camera=camera1, x=0.0, y=1.0, zoom=0.0
2025-12-05 16:35:04,687 - ptz_service - INFO - PTZ stop camera=camera1, azimut=None
2025-12-05 16:35:04,756 - ptz_service - INFO - PTZ continuous_move camera=camera1, x=0.0, y=1.0, zoom=0.0
2025-12-05 16:35:04,840 - ptz_service - INFO - PTZ stop camera=camera1, azimut=None
2025-12-05 16:35:04,954 - ptz_service - INFO - PTZ continuous_move camera=camera1, x=0.0, y=1.0, zoom=0.0
2025-12-05 16:35:05,033 - ptz_service - INFO - PTZ stop camera=camera1, azimut=None
2025-12-05 16:35:05,132 - ptz_service - INFO - PTZ continuous_move camera=camera1, x=0.0, y=1.0, zoom=0.0
2025-12-05 16:35:05,185 - ptz_service - INFO - PTZ stop camera=camera1, azimut=None
2025-12-05 16:35:05,291 - ptz_service - INFO - PTZ continuous_move camera=camera1, x=0.0, y=1.0, zoom=0.0
2025-12-05 16:35:05,349 - ptz_service - INFO - PTZ stop camera=camera1, azimut=None
2025-12-05 16:35:06,855 - ptz_service - INFO - PTZ continuous_move camera=camera1, x=0.0, y=1.0, zoom=0.0
2025-12-05 16:35:06,944 - ptz_service - INFO - PTZ stop camera=camera1, azimut=None
2025-12-05 16:35:07,043 - ptz_service - INFO - PTZ continuous_move camera=camera1, x=0.0, y=1.0, zoom=0.0
2025-12-05 16:35:08,025 - ptz_service - INFO - PTZ stop camera=camera1, azimut=None
2025-12-05 16:35:11,299 - ptz_service - INFO - PTZ continuous_move camera=camera1, x=0.0, y=-1.0, zoom=0.0
2025-12-05 16:35:11,474 - ptz_service - INFO - PTZ stop camera=camera1, azimut=None
2025-12-05 16:35:11,620 - ptz_service - INFO - PTZ continuous_move camera=camera1, x=0.0, y=-1.0, zoom=0.0
2025-12-05 16:35:11,733 - ptz_service - INFO - PTZ stop camera=camera1, azimut=None
2025-12-05 16:35:11,821 - ptz_service - INFO - PTZ continuous_move camera=camera1, x=0.0, y=-1.0, zoom=0.0
2025-12-05 16:35:11,935 - ptz_service - INFO - PTZ stop camera=camera1, azimut=None
2025-12-05 16:35:12,017 - ptz_service - INFO - PTZ continuous_move camera=camera1, x=0.0, y=-1.0, zoom=0.0
2025-12-05 16:35:12,140 - ptz_service - INFO - PTZ stop camera=camera1, azimut=None
2025-12-05 16:35:12,855 - ptz_service - INFO - PTZ continuous_move camera=camera1, x=0.0, y=-1.0, zoom=0.0
2025-12-05 16:35:13,713 - ptz_service - INFO - PTZ stop camera=camera1, azimut=None
2025-12-05 16:35:16,741 - ptz_service - INFO - PTZ continuous_move camera=camera1, x=-1.0, y=0.0, zoom=0.0
2025-12-05 16:35:17,558 - ptz_service - INFO - PTZ stop camera=camera1, azimut=None
2025-12-05 16:35:19,016 - ptz_service - INFO - PTZ continuous_move camera=camera1, x=-1.0, y=0.0, zoom=0.0
2025-12-05 16:35:19,679 - ptz_service - INFO - PTZ stop camera=camera1, azimut=None
2025-12-05 16:35:21,165 - ptz_service - INFO - PTZ continuous_move camera=camera1, x=-1.0, y=0.0, zoom=0.0
2025-12-05 16:35:22,163 - ptz_service - INFO - PTZ stop camera=camera1, azimut=None
2025-12-05 16:35:22,898 - ptz_service - INFO - PTZ continuous_move camera=camera1, x=-1.0, y=0.0, zoom=0.0
2025-12-05 16:35:23,324 - ptz_service - INFO - PTZ stop camera=camera1, azimut=None
2025-12-05 16:35:24,349 - ptz_service - INFO - PTZ continuous_move camera=camera1, x=0.0, y=-1.0, zoom=0.0
2025-12-05 16:35:24,457 - ptz_service - INFO - PTZ stop camera=camera1, azimut=None
2025-12-05 16:35:24,587 - ptz_service - INFO - PTZ continuous_move camera=camera1, x=0.0, y=-1.0, zoom=0.0
2025-12-05 16:35:24,676 - ptz_service - INFO - PTZ stop camera=camera1, azimut=None
2025-12-05 16:35:24,812 - ptz_service - INFO - PTZ continuous_move camera=camera1, x=0.0, y=-1.0, zoom=0.0
2025-12-05 16:35:24,895 - ptz_service - INFO - PTZ stop camera=camera1, azimut=None
2025-12-05 16:35:27,782 - ptz_service - INFO - PTZ continuous_move camera=camera1, x=0.0, y=-1.0, zoom=0.0
2025-12-05 16:35:28,052 - ptz_service - INFO - PTZ stop camera=camera1, azimut=None
2025-12-05 16:35:28,119 - ptz_service - INFO - PTZ continuous_move camera=camera1, x=0.0, y=-1.0, zoom=0.0
2025-12-05 16:35:28,267 - ptz_service - INFO - PTZ stop camera=camera1, azimut=None
2025-12-05 16:35:29,688 - ptz_service - INFO - PTZ continuous_move camera=camera1, x=-1.0, y=0.0, zoom=0.0
2025-12-05 16:35:30,106 - ptz_service - INFO - PTZ stop camera=camera1, azimut=None
2025-12-05 16:35:34,214 - ptz_service - INFO - PTZ continuous_move camera=camera1, x=-1.0, y=0.0, zoom=0.0
2025-12-05 16:35:34,948 - ptz_service - INFO - PTZ stop camera=camera1, azimut=None
2025-12-05 16:35:37,210 - ptz_service - INFO - PTZ continuous_move camera=camera1, x=0.0, y=-1.0, zoom=0.0
2025-12-05 16:35:37,664 - ptz_service - INFO - PTZ stop camera=camera1, azimut=None
2025-12-05 16:35:42,656 - ptz_service - INFO - PTZ continuous_move camera=camera1, x=1.0, y=0.0, zoom=0.0
2025-12-05 16:35:42,750 - ptz_service - INFO - PTZ stop camera=camera1, azimut=None
2025-12-05 16:35:42,800 - ptz_service - INFO - PTZ continuous_move camera=camera1, x=1.0, y=0.0, zoom=0.0
2025-12-05 16:35:42,906 - ptz_service - INFO - PTZ stop camera=camera1, azimut=None
2025-12-05 16:35:42,941 - ptz_service - INFO - PTZ continuous_move camera=camera1, x=1.0, y=0.0, zoom=0.0
2025-12-05 16:35:43,112 - ptz_service - INFO - PTZ stop camera=camera1, azimut=None
2025-12-05 16:35:49,568 - ptz_service - INFO - PTZ continuous_move camera=camera1, x=1.0, y=0.0, zoom=0.0
2025-12-05 16:35:50,014 - ptz_service - INFO - PTZ stop camera=camera1, azimut=None
2025-12-05 16:35:52,243 - ptz_service - INFO - PTZ continuous_move camera=camera1, x=1.0, y=0.0, zoom=0.0
2025-12-05 16:35:52,876 - ptz_service - INFO - PTZ stop camera=camera1, azimut=None
2025-12-05 16:35:54,400 - ptz_service - INFO - PTZ continuous_move camera=camera1, x=0.0, y=1.0, zoom=0.0
2025-12-05 16:35:54,855 - ptz_service - INFO - PTZ stop camera=camera1, azimut=None
2025-12-05 16:36:00,495 - ptz_service - INFO - PTZ continuous_move camera=camera1, x=-1.0, y=0.0, zoom=0.0
2025-12-05 16:36:00,974 - ptz_service - INFO - PTZ stop camera=camera1, azimut=None
2025-12-05 16:36:02,004 - ptz_service - INFO - PTZ continuous_move camera=camera1, x=0.0, y=-1.0, zoom=0.0
2025-12-05 16:36:02,675 - ptz_service - INFO - PTZ stop camera=camera1, azimut=None
2025-12-05 16:36:04,505 - ptz_service - INFO - PTZ continuous_move camera=camera1, x=0.0, y=1.0, zoom=0.0
2025-12-05 16:36:04,897 - ptz_service - INFO - PTZ stop camera=camera1, azimut=None
2025-12-05 16:36:07,314 - ptz_service - INFO - PTZ continuous_move camera=camera1, x=0.0, y=1.0, zoom=0.0
2025-12-05 16:36:07,644 - ptz_service - INFO - PTZ stop camera=camera1, azimut=None
2025-12-05 16:36:07,701 - ptz_service - INFO - PTZ continuous_move camera=camera1, x=0.0, y=1.0, zoom=0.0
2025-12-05 16:36:07,883 - ptz_service - INFO - PTZ stop camera=camera1, azimut=None
2025-12-05 16:36:11,938 - ptz_service - INFO - PTZ continuous_move camera=camera1, x=-1.0, y=0.0, zoom=0.0
2025-12-05 16:36:12,358 - ptz_service - INFO - PTZ stop camera=camera1, azimut=None
2025-12-05 16:36:20,220 - ptz_service - INFO - PTZ continuous_move camera=camera1, x=-1.0, y=0.0, zoom=0.0
2025-12-05 16:36:20,691 - ptz_service - INFO - PTZ stop camera=camera1, azimut=None
2025-12-05 16:36:22,528 - ptz_service - INFO - PTZ continuous_move camera=camera1, x=-1.0, y=0.0, zoom=0.0
2025-12-05 16:36:23,068 - ptz_service - INFO - PTZ stop camera=camera1, azimut=None
2025-12-05 16:36:26,546 - ptz_service - INFO - PTZ continuous_move camera=camera1, x=0.0, y=1.0, zoom=0.0
2025-12-05 16:36:26,827 - ptz_service - INFO - PTZ stop camera=camera1, azimut=None
2025-12-05 16:36:26,895 - ptz_service - INFO - PTZ continuous_move camera=camera1, x=0.0, y=1.0, zoom=0.0
2025-12-05 16:36:27,056 - ptz_service - INFO - PTZ stop camera=camera1, azimut=None
2025-12-05 16:36:38,702 - ptz_service - INFO - PTZ continuous_move camera=camera1, x=1.0, y=0.0, zoom=0.0
2025-12-05 16:36:39,082 - ptz_service - INFO - PTZ stop camera=camera1, azimut=None
2025-12-05 16:36:39,134 - ptz_service - INFO - PTZ continuous_move camera=camera1, x=1.0, y=0.0, zoom=0.0
2025-12-05 16:36:39,291 - ptz_service - INFO - PTZ stop camera=camera1, azimut=None
2025-12-05 16:36:41,452 - ptz_service - INFO - PTZ continuous_move camera=camera1, x=-1.0, y=0.0, zoom=0.0
2025-12-05 16:36:41,605 - ptz_service - INFO - PTZ stop camera=camera1, azimut=None
2025-12-05 16:36:41,664 - ptz_service - INFO - PTZ continuous_move camera=camera1, x=-1.0, y=0.0, zoom=0.0
2025-12-05 16:36:41,821 - ptz_service - INFO - PTZ stop camera=camera1, azimut=None
2025-12-05 16:36:48,404 - ptz_service - INFO - PTZ continuous_move camera=camera1, x=1.0, y=0.0, zoom=0.0
2025-12-05 16:36:50,504 - ptz_service - INFO - PTZ stop camera=camera1, azimut=None
2025-12-05 16:36:52,915 - ptz_service - INFO - PTZ continuous_move camera=camera1, x=-1.0, y=0.0, zoom=0.0
2025-12-05 16:36:53,511 - ptz_service - INFO - PTZ stop camera=camera1, azimut=None
2025-12-05 16:36:54,434 - ptz_service - INFO - PTZ continuous_move camera=camera1, x=0.0, y=1.0, zoom=0.0
2025-12-05 16:36:54,883 - ptz_service - INFO - PTZ stop camera=camera1, azimut=None
2025-12-05 16:36:55,698 - ptz_service - INFO - PTZ continuous_move camera=camera1, x=-1.0, y=0.0, zoom=0.0
2025-12-05 16:36:56,320 - ptz_service - INFO - PTZ stop camera=camera1, azimut=None
2025-12-05 16:36:57,261 - ptz_service - INFO - PTZ continuous_move camera=camera1, x=0.0, y=1.0, zoom=0.0
2025-12-05 16:36:57,729 - ptz_service - INFO - PTZ stop camera=camera1, azimut=None
2025-12-05 16:36:58,873 - ptz_service - INFO - PTZ continuous_move camera=camera1, x=-1.0, y=0.0, zoom=0.0
2025-12-05 16:36:59,772 - ptz_service - INFO - PTZ stop camera=camera1, azimut=None
2025-12-05 16:37:02,365 - ptz_service - INFO - PTZ continuous_move camera=camera1, x=0.0, y=1.0, zoom=0.0
2025-12-05 16:37:02,732 - ptz_service - INFO - PTZ stop camera=camera1, azimut=None
2025-12-05 16:37:02,786 - ptz_service - INFO - PTZ continuous_move camera=camera1, x=0.0, y=1.0, zoom=0.0
2025-12-05 16:37:02,958 - ptz_service - INFO - PTZ stop camera=camera1, azimut=None
2025-12-05 16:37:05,670 - ptz_service - INFO - PTZ continuous_move camera=camera1, x=0.0, y=1.0, zoom=0.0
2025-12-05 16:37:06,117 - ptz_service - INFO - PTZ stop camera=camera1, azimut=None
2025-12-05 16:37:08,383 - ptz_service - INFO - PTZ continuous_move camera=camera1, x=0.0, y=-1.0, zoom=0.0
2025-12-05 16:37:08,794 - ptz_service - INFO - PTZ stop camera=camera1, azimut=None
2025-12-05 16:37:11,224 - ptz_service - INFO - PTZ continuous_move camera=camera1, x=0.0, y=1.0, zoom=0.0
2025-12-05 16:37:11,433 - ptz_service - INFO - PTZ stop camera=camera1, azimut=None
2025-12-05 16:37:11,468 - ptz_service - INFO - PTZ continuous_move camera=camera1, x=0.0, y=1.0, zoom=0.0
2025-12-05 16:37:11,637 - ptz_service - INFO - PTZ stop camera=camera1, azimut=None
2025-12-05 16:37:29,890 - ptz_service - INFO - PTZ continuous_move camera=camera1, x=0.0, y=-1.0, zoom=0.0
2025-12-05 16:37:30,544 - ptz_service - INFO - PTZ stop camera=camera1, azimut=None
2025-12-05 16:37:31,506 - ptz_service - INFO - PTZ set_zoom camera=camera1, delta=-0.03
2025-12-05 16:37:31,632 - ptz_service - INFO - PTZ set_zoom camera=camera1, delta=-0.03
2025-12-05 16:37:31,758 - ptz_service - INFO - PTZ set_zoom camera=camera1, delta=-0.03
2025-12-05 16:37:31,960 - ptz_service - INFO - PTZ set_zoom camera=camera1, delta=-0.03
2025-12-05 16:37:32,102 - ptz_service - INFO - PTZ set_zoom camera=camera1, delta=-0.03
2025-12-05 16:37:32,274 - ptz_service - INFO - PTZ set_zoom camera=camera1, delta=-0.03
2025-12-05 16:37:32,461 - ptz_service - INFO - PTZ set_zoom camera=camera1, delta=-0.03
2025-12-05 16:37:32,617 - ptz_service - INFO - PTZ set_zoom camera=camera1, delta=-0.03
2025-12-05 16:37:32,775 - ptz_service - INFO - PTZ set_zoom camera=camera1, delta=-0.03
2025-12-05 16:37:32,932 - ptz_service - INFO - PTZ set_zoom camera=camera1, delta=-0.03
2025-12-05 16:37:33,106 - ptz_service - INFO - PTZ set_zoom camera=camera1, delta=-0.03
2025-12-05 16:37:33,248 - ptz_service - INFO - PTZ set_zoom camera=camera1, delta=-0.03
2025-12-05 16:37:33,403 - ptz_service - INFO - PTZ set_zoom camera=camera1, delta=-0.03
2025-12-05 16:37:33,529 - ptz_service - INFO - PTZ set_zoom camera=camera1, delta=-0.03
2025-12-05 16:37:33,672 - ptz_service - INFO - PTZ set_zoom camera=camera1, delta=-0.03
2025-12-05 16:37:33,814 - ptz_service - INFO - PTZ set_zoom camera=camera1, delta=-0.03
2025-12-05 16:37:33,972 - ptz_service - INFO - PTZ set_zoom camera=camera1, delta=-0.03
2025-12-05 16:37:34,112 - ptz_service - INFO - PTZ set_zoom camera=camera1, delta=-0.03
2025-12-05 16:37:34,300 - ptz_service - INFO - PTZ set_zoom camera=camera1, delta=-0.03
2025-12-05 16:37:34,534 - ptz_service - INFO - PTZ set_zoom camera=camera1, delta=-0.03
2025-12-05 16:37:34,819 - ptz_service - INFO - PTZ set_zoom camera=camera1, delta=-0.03
2025-12-05 16:37:35,085 - ptz_service - INFO - PTZ set_zoom camera=camera1, delta=-0.03
2025-12-05 16:37:35,383 - ptz_service - INFO - PTZ set_zoom camera=camera1, delta=-0.03
2025-12-05 16:37:35,507 - ptz_service - INFO - PTZ set_zoom camera=camera1, delta=-0.03
2025-12-05 16:37:35,649 - ptz_service - INFO - PTZ set_zoom camera=camera1, delta=-0.03
2025-12-05 16:37:35,790 - ptz_service - INFO - PTZ set_zoom camera=camera1, delta=-0.03
2025-12-05 16:37:35,915 - ptz_service - INFO - PTZ set_zoom camera=camera1, delta=-0.03
2025-12-05 16:37:36,103 - ptz_service - INFO - PTZ set_zoom camera=camera1, delta=-0.03
2025-12-05 16:37:36,257 - ptz_service - INFO - PTZ set_zoom camera=camera1, delta=-0.03
2025-12-05 16:37:36,383 - ptz_service - INFO - PTZ set_zoom camera=camera1, delta=-0.03
2025-12-05 16:37:36,542 - ptz_service - INFO - PTZ set_zoom camera=camera1, delta=-0.03
2025-12-05 16:37:36,669 - ptz_service - INFO - PTZ set_zoom camera=camera1, delta=-0.03
2025-12-05 16:37:36,795 - ptz_service - INFO - PTZ set_zoom camera=camera1, delta=-0.03
2025-12-05 16:37:36,922 - ptz_service - INFO - PTZ set_zoom camera=camera1, delta=-0.03
2025-12-05 16:37:37,060 - ptz_service - INFO - PTZ set_zoom camera=camera1, delta=-0.03
2025-12-05 16:37:37,201 - ptz_service - INFO - PTZ set_zoom camera=camera1, delta=-0.03
2025-12-05 16:37:37,437 - ptz_service - INFO - PTZ set_zoom camera=camera1, delta=-0.03
2025-12-05 16:37:37,596 - ptz_service - INFO - PTZ set_zoom camera=camera1, delta=-0.03
2025-12-05 16:37:37,739 - ptz_service - INFO - PTZ set_zoom camera=camera1, delta=-0.03
2025-12-05 16:37:37,914 - ptz_service - INFO - PTZ set_zoom camera=camera1, delta=-0.03
2025-12-05 16:37:38,135 - ptz_service - INFO - PTZ set_zoom camera=camera1, delta=-0.03
2025-12-05 16:37:46,867 - ptz_service - INFO - PTZ set_zoom camera=camera1, delta=0.03
2025-12-05 16:37:46,993 - ptz_service - INFO - PTZ set_zoom camera=camera1, delta=0.03
2025-12-05 16:37:47,119 - ptz_service - INFO - PTZ set_zoom camera=camera1, delta=0.03
2025-12-05 16:37:47,295 - ptz_service - INFO - PTZ set_zoom camera=camera1, delta=0.03
2025-12-05 16:37:47,405 - ptz_service - INFO - PTZ set_zoom camera=camera1, delta=0.03
2025-12-05 16:37:47,546 - ptz_service - INFO - PTZ set_zoom camera=camera1, delta=0.03
2025-12-05 16:37:47,670 - ptz_service - INFO - PTZ set_zoom camera=camera1, delta=0.03
2025-12-05 16:37:47,811 - ptz_service - INFO - PTZ set_zoom camera=camera1, delta=0.03
2025-12-05 16:37:47,969 - ptz_service - INFO - PTZ set_zoom camera=camera1, delta=0.03
2025-12-05 16:37:48,094 - ptz_service - INFO - PTZ set_zoom camera=camera1, delta=0.03
2025-12-05 16:37:48,221 - ptz_service - INFO - PTZ set_zoom camera=camera1, delta=0.03
2025-12-05 16:37:48,349 - ptz_service - INFO - PTZ set_zoom camera=camera1, delta=0.03
2025-12-05 16:37:48,474 - ptz_service - INFO - PTZ set_zoom camera=camera1, delta=0.03
2025-12-05 16:37:48,586 - ptz_service - INFO - PTZ set_zoom camera=camera1, delta=0.03
2025-12-05 16:37:48,728 - ptz_service - INFO - PTZ set_zoom camera=camera1, delta=0.03
2025-12-05 16:37:48,853 - ptz_service - INFO - PTZ set_zoom camera=camera1, delta=0.03
2025-12-05 16:37:48,980 - ptz_service - INFO - PTZ set_zoom camera=camera1, delta=0.03
2025-12-05 16:37:49,106 - ptz_service - INFO - PTZ set_zoom camera=camera1, delta=0.03
2025-12-05 16:37:49,232 - ptz_service - INFO - PTZ set_zoom camera=camera1, delta=0.03
2025-12-05 16:37:49,356 - ptz_service - INFO - PTZ set_zoom camera=camera1, delta=0.03
2025-12-05 16:37:49,481 - ptz_service - INFO - PTZ set_zoom camera=camera1, delta=0.03
2025-12-05 16:37:49,606 - ptz_service - INFO - PTZ set_zoom camera=camera1, delta=0.03
2025-12-05 16:37:49,731 - ptz_service - INFO - PTZ set_zoom camera=camera1, delta=0.03
2025-12-05 16:37:49,856 - ptz_service - INFO - PTZ set_zoom camera=camera1, delta=0.03
2025-12-05 16:37:49,979 - ptz_service - INFO - PTZ set_zoom camera=camera1, delta=0.03
2025-12-05 16:37:50,105 - ptz_service - INFO - PTZ set_zoom camera=camera1, delta=0.03
2025-12-05 16:37:50,231 - ptz_service - INFO - PTZ set_zoom camera=camera1, delta=0.03
2025-12-05 16:37:50,355 - ptz_service - INFO - PTZ set_zoom camera=camera1, delta=0.03
2025-12-05 16:37:50,478 - ptz_service - INFO - PTZ set_zoom camera=camera1, delta=0.03
2025-12-05 16:37:50,605 - ptz_service - INFO - PTZ set_zoom camera=camera1, delta=0.03
2025-12-05 16:37:50,746 - ptz_service - INFO - PTZ set_zoom camera=camera1, delta=0.03
2025-12-05 16:37:50,887 - ptz_service - INFO - PTZ set_zoom camera=camera1, delta=0.03
2025-12-05 16:37:51,014 - ptz_service - INFO - PTZ set_zoom camera=camera1, delta=0.03
2025-12-05 16:37:56,409 - ptz_service - INFO - PTZ continuous_move camera=camera1, x=-1.0, y=0.0, zoom=0.0
2025-12-05 16:37:56,659 - ptz_service - INFO - PTZ stop camera=camera1, azimut=None
2025-12-05 16:37:59,869 - ptz_service - INFO - PTZ continuous_move camera=camera1, x=-1.0, y=0.0, zoom=0.0
2025-12-05 16:38:00,110 - ptz_service - INFO - PTZ stop camera=camera1, azimut=None
2025-12-05 16:38:10,634 - ptz_service - INFO - PTZ set_zoom camera=camera1, delta=-0.03
2025-12-05 16:38:10,870 - ptz_service - INFO - PTZ set_zoom camera=camera1, delta=-0.03
2025-12-05 16:38:10,998 - ptz_service - INFO - PTZ set_zoom camera=camera1, delta=-0.03
2025-12-05 16:38:11,124 - ptz_service - INFO - PTZ set_zoom camera=camera1, delta=-0.03
2025-12-05 16:38:11,882 - ptz_service - INFO - PTZ set_zoom camera=camera1, delta=-0.03
2025-12-05 16:38:12,023 - ptz_service - INFO - PTZ set_zoom camera=camera1, delta=-0.03
2025-12-05 16:38:12,417 - ptz_service - INFO - PTZ set_zoom camera=camera1, delta=-0.03
2025-12-05 16:38:12,734 - ptz_service - INFO - PTZ set_zoom camera=camera1, delta=-0.03
2025-12-05 16:38:12,860 - ptz_service - INFO - PTZ set_zoom camera=camera1, delta=-0.03
2025-12-05 16:38:13,033 - ptz_service - INFO - PTZ set_zoom camera=camera1, delta=-0.03
2025-12-05 16:38:13,176 - ptz_service - INFO - PTZ set_zoom camera=camera1, delta=-0.03
2025-12-05 16:38:13,301 - ptz_service - INFO - PTZ set_zoom camera=camera1, delta=-0.03
2025-12-05 16:38:13,472 - ptz_service - INFO - PTZ set_zoom camera=camera1, delta=-0.03
2025-12-05 16:38:13,660 - ptz_service - INFO - PTZ set_zoom camera=camera1, delta=-0.03
2025-12-05 16:38:13,802 - ptz_service - INFO - PTZ set_zoom camera=camera1, delta=-0.03
2025-12-05 16:38:13,957 - ptz_service - INFO - PTZ set_zoom camera=camera1, delta=-0.03
2025-12-05 16:38:14,099 - ptz_service - INFO - PTZ set_zoom camera=camera1, delta=-0.03
2025-12-05 16:38:14,238 - ptz_service - INFO - PTZ set_zoom camera=camera1, delta=-0.03
2025-12-05 16:38:14,364 - ptz_service - INFO - PTZ set_zoom camera=camera1, delta=-0.03
2025-12-05 16:38:14,520 - ptz_service - INFO - PTZ set_zoom camera=camera1, delta=-0.03
2025-12-05 16:38:14,739 - ptz_service - INFO - PTZ set_zoom camera=camera1, delta=-0.03
2025-12-05 16:38:14,881 - ptz_service - INFO - PTZ set_zoom camera=camera1, delta=-0.03
2025-12-05 16:38:15,021 - ptz_service - INFO - PTZ set_zoom camera=camera1, delta=-0.03
2025-12-05 16:38:15,165 - ptz_service - INFO - PTZ set_zoom camera=camera1, delta=-0.03
2025-12-05 16:38:15,321 - ptz_service - INFO - PTZ set_zoom camera=camera1, delta=-0.03
2025-12-05 16:38:15,461 - ptz_service - INFO - PTZ set_zoom camera=camera1, delta=-0.03
2025-12-05 16:38:15,632 - ptz_service - INFO - PTZ set_zoom camera=camera1, delta=-0.03
2025-12-05 16:38:15,758 - ptz_service - INFO - PTZ set_zoom camera=camera1, delta=-0.03
2025-12-05 16:38:15,962 - ptz_service - INFO - PTZ set_zoom camera=camera1, delta=-0.03
2025-12-05 16:38:16,103 - ptz_service - INFO - PTZ set_zoom camera=camera1, delta=-0.03
2025-12-05 16:38:16,229 - ptz_service - INFO - PTZ set_zoom camera=camera1, delta=-0.03
2025-12-05 16:38:16,414 - ptz_service - INFO - PTZ set_zoom camera=camera1, delta=-0.03
2025-12-05 16:38:16,541 - ptz_service - INFO - PTZ set_zoom camera=camera1, delta=-0.03
2025-12-05 16:38:16,685 - ptz_service - INFO - PTZ set_zoom camera=camera1, delta=-0.03
2025-12-05 16:38:16,825 - ptz_service - INFO - PTZ set_zoom camera=camera1, delta=-0.03
2025-12-05 16:38:16,981 - ptz_service - INFO - PTZ set_zoom camera=camera1, delta=-0.03
2025-12-05 16:38:17,107 - ptz_service - INFO - PTZ set_zoom camera=camera1, delta=-0.03
2025-12-05 16:38:17,295 - ptz_service - INFO - PTZ set_zoom camera=camera1, delta=-0.03
2025-12-05 16:38:17,422 - ptz_service - INFO - PTZ set_zoom camera=camera1, delta=-0.03
2025-12-05 16:38:17,548 - ptz_service - INFO - PTZ set_zoom camera=camera1, delta=-0.03
2025-12-05 16:38:17,690 - ptz_service - INFO - PTZ set_zoom camera=camera1, delta=-0.03
2025-12-05 16:38:17,848 - ptz_service - INFO - PTZ set_zoom camera=camera1, delta=-0.03
2025-12-05 16:38:17,991 - ptz_service - INFO - PTZ set_zoom camera=camera1, delta=-0.03
2025-12-05 16:38:18,147 - ptz_service - INFO - PTZ set_zoom camera=camera1, delta=-0.03
2025-12-05 16:38:18,305 - ptz_service - INFO - PTZ set_zoom camera=camera1, delta=-0.03
2025-12-05 16:38:18,432 - ptz_service - INFO - PTZ set_zoom camera=camera1, delta=-0.03
2025-12-05 16:38:18,576 - ptz_service - INFO - PTZ set_zoom camera=camera1, delta=-0.03
2025-12-05 16:38:18,700 - ptz_service - INFO - PTZ set_zoom camera=camera1, delta=-0.03
2025-12-05 16:38:18,825 - ptz_service - INFO - PTZ set_zoom camera=camera1, delta=-0.03
2025-12-05 16:38:18,983 - ptz_service - INFO - PTZ set_zoom camera=camera1, delta=-0.03
2025-12-05 16:38:19,685 - ptz_service - INFO - PTZ continuous_move camera=camera1, x=-1.0, y=0.0, zoom=0.0
2025-12-05 16:38:21,524 - ptz_service - INFO - PTZ stop camera=camera1, azimut=None
2025-12-05 16:38:23,265 - ptz_service - INFO - PTZ continuous_move camera=camera1, x=0.0, y=-1.0, zoom=0.0
2025-12-05 16:38:23,719 - ptz_service - INFO - PTZ stop camera=camera1, azimut=None
2025-12-05 16:38:26,213 - ptz_service - INFO - PTZ continuous_move camera=camera1, x=0.0, y=-1.0, zoom=0.0
2025-12-05 16:38:26,523 - ptz_service - INFO - PTZ stop camera=camera1, azimut=None
2025-12-05 16:38:26,559 - ptz_service - INFO - PTZ continuous_move camera=camera1, x=0.0, y=-1.0, zoom=0.0
2025-12-05 16:38:26,742 - ptz_service - INFO - PTZ stop camera=camera1, azimut=None
2025-12-05 16:38:28,093 - ptz_service - INFO - PTZ continuous_move camera=camera1, x=-1.0, y=0.0, zoom=0.0
2025-12-05 16:38:28,400 - ptz_service - INFO - PTZ stop camera=camera1, azimut=None
2025-12-05 16:38:28,458 - ptz_service - INFO - PTZ continuous_move camera=camera1, x=-1.0, y=0.0, zoom=0.0
2025-12-05 16:38:28,616 - ptz_service - INFO - PTZ stop camera=camera1, azimut=None
2025-12-05 16:38:30,268 - ptz_service - INFO - PTZ continuous_move camera=camera1, x=-1.0, y=0.0, zoom=0.0
2025-12-05 16:38:30,544 - ptz_service - INFO - PTZ stop camera=camera1, azimut=None
2025-12-05 16:38:30,593 - ptz_service - INFO - PTZ continuous_move camera=camera1, x=-1.0, y=0.0, zoom=0.0
2025-12-05 16:38:30,778 - ptz_service - INFO - PTZ stop camera=camera1, azimut=None
2025-12-05 16:38:40,792 - ptz_service - INFO - PTZ continuous_move camera=camera1, x=0.0, y=-1.0, zoom=0.0
2025-12-05 16:38:41,073 - ptz_service - INFO - PTZ stop camera=camera1, azimut=None
2025-12-05 16:38:41,123 - ptz_service - INFO - PTZ continuous_move camera=camera1, x=0.0, y=-1.0, zoom=0.0
2025-12-05 16:38:41,293 - ptz_service - INFO - PTZ stop camera=camera1, azimut=None
2025-12-05 16:38:59,650 - ptz_service - INFO - PTZ continuous_move camera=camera1, x=0.0, y=1.0, zoom=0.0
2025-12-05 16:39:00,014 - ptz_service - INFO - PTZ stop camera=camera1, azimut=None
2025-12-05 16:39:00,074 - ptz_service - INFO - PTZ continuous_move camera=camera1, x=0.0, y=1.0, zoom=0.0
2025-12-05 16:39:00,230 - ptz_service - INFO - PTZ stop camera=camera1, azimut=None
2025-12-05 16:41:16,035 - ptz_service - INFO - PTZ continuous_move camera=camera1, x=1.0, y=0.0, zoom=0.0
2025-12-05 16:41:16,486 - ptz_service - INFO - PTZ stop camera=camera1, azimut=None
2025-12-05 16:41:17,757 - ptz_service - INFO - PTZ continuous_move camera=camera1, x=1.0, y=0.0, zoom=0.0
2025-12-05 16:41:18,369 - ptz_service - INFO - PTZ stop camera=camera1, azimut=None
2025-12-05 16:41:19,968 - ptz_service - INFO - PTZ continuous_move camera=camera1, x=1.0, y=0.0, zoom=0.0
2025-12-05 16:41:20,486 - ptz_service - INFO - PTZ stop camera=camera1, azimut=None
2025-12-05 16:41:22,212 - ptz_service - INFO - PTZ continuous_move camera=camera1, x=1.0, y=0.0, zoom=0.0
2025-12-05 16:41:22,731 - ptz_service - INFO - PTZ stop camera=camera1, azimut=None
2025-12-05 16:41:27,981 - ptz_service - INFO - PTZ continuous_move camera=camera1, x=0.0, y=-1.0, zoom=0.0
2025-12-05 16:41:28,318 - ptz_service - INFO - PTZ stop camera=camera1, azimut=None
2025-12-05 16:41:28,368 - ptz_service - INFO - PTZ continuous_move camera=camera1, x=0.0, y=-1.0, zoom=0.0
2025-12-05 16:41:28,553 - ptz_service - INFO - PTZ stop camera=camera1, azimut=None
2025-12-05 16:41:31,236 - ptz_service - INFO - PTZ set_zoom camera=camera1, delta=0.03
2025-12-05 16:41:31,393 - ptz_service - INFO - PTZ set_zoom camera=camera1, delta=0.03
2025-12-05 16:41:31,658 - ptz_service - INFO - PTZ set_zoom camera=camera1, delta=0.03
2025-12-05 16:41:31,816 - ptz_service - INFO - PTZ set_zoom camera=camera1, delta=0.03
2025-12-05 16:41:31,942 - ptz_service - INFO - PTZ set_zoom camera=camera1, delta=0.03
2025-12-05 16:41:32,099 - ptz_service - INFO - PTZ set_zoom camera=camera1, delta=0.03
2025-12-05 16:41:32,240 - ptz_service - INFO - PTZ set_zoom camera=camera1, delta=0.03
2025-12-05 16:41:32,382 - ptz_service - INFO - PTZ set_zoom camera=camera1, delta=0.03
2025-12-05 16:41:32,538 - ptz_service - INFO - PTZ set_zoom camera=camera1, delta=0.03
2025-12-05 16:41:32,680 - ptz_service - INFO - PTZ set_zoom camera=camera1, delta=0.03
2025-12-05 16:41:32,822 - ptz_service - INFO - PTZ set_zoom camera=camera1, delta=0.03
2025-12-05 16:41:32,947 - ptz_service - INFO - PTZ set_zoom camera=camera1, delta=0.03
2025-12-05 16:41:33,105 - ptz_service - INFO - PTZ set_zoom camera=camera1, delta=0.03
2025-12-05 16:41:33,325 - ptz_service - INFO - PTZ set_zoom camera=camera1, delta=0.03
2025-12-05 16:41:33,439 - ptz_service - INFO - PTZ set_zoom camera=camera1, delta=0.03
2025-12-05 16:41:33,567 - ptz_service - INFO - PTZ set_zoom camera=camera1, delta=0.03
2025-12-05 16:41:33,816 - ptz_service - INFO - PTZ set_zoom camera=camera1, delta=0.03
2025-12-05 16:41:33,974 - ptz_service - INFO - PTZ set_zoom camera=camera1, delta=0.03
2025-12-05 16:41:34,130 - ptz_service - INFO - PTZ set_zoom camera=camera1, delta=0.03
2025-12-05 16:41:34,256 - ptz_service - INFO - PTZ set_zoom camera=camera1, delta=0.03
2025-12-05 16:41:34,413 - ptz_service - INFO - PTZ set_zoom camera=camera1, delta=0.03
2025-12-05 16:41:34,540 - ptz_service - INFO - PTZ set_zoom camera=camera1, delta=0.03
2025-12-05 16:41:34,682 - ptz_service - INFO - PTZ set_zoom camera=camera1, delta=0.03
2025-12-05 16:41:34,824 - ptz_service - INFO - PTZ set_zoom camera=camera1, delta=0.03
2025-12-05 16:41:35,014 - ptz_service - INFO - PTZ set_zoom camera=camera1, delta=0.03
2025-12-05 16:41:35,142 - ptz_service - INFO - PTZ set_zoom camera=camera1, delta=0.03
2025-12-05 16:41:35,313 - ptz_service - INFO - PTZ set_zoom camera=camera1, delta=0.03
2025-12-05 16:41:35,451 - ptz_service - INFO - PTZ set_zoom camera=camera1, delta=0.03
2025-12-05 16:41:35,609 - ptz_service - INFO - PTZ set_zoom camera=camera1, delta=0.03
2025-12-05 16:41:35,751 - ptz_service - INFO - PTZ set_zoom camera=camera1, delta=0.03
2025-12-05 16:41:35,892 - ptz_service - INFO - PTZ set_zoom camera=camera1, delta=0.03
2025-12-05 16:41:36,048 - ptz_service - INFO - PTZ set_zoom camera=camera1, delta=0.03
2025-12-05 16:41:36,176 - ptz_service - INFO - PTZ set_zoom camera=camera1, delta=0.03
2025-12-05 16:41:36,350 - ptz_service - INFO - PTZ set_zoom camera=camera1, delta=0.03
2025-12-05 16:41:36,523 - ptz_service - INFO - PTZ set_zoom camera=camera1, delta=0.03
2025-12-05 16:41:36,678 - ptz_service - INFO - PTZ set_zoom camera=camera1, delta=0.03
2025-12-05 16:41:36,821 - ptz_service - INFO - PTZ set_zoom camera=camera1, delta=0.03
2025-12-05 16:41:36,970 - ptz_service - INFO - PTZ set_zoom camera=camera1, delta=0.03
2025-12-05 16:41:37,127 - ptz_service - INFO - PTZ set_zoom camera=camera1, delta=0.03
2025-12-05 16:41:37,281 - ptz_service - INFO - PTZ set_zoom camera=camera1, delta=0.03
2025-12-05 16:41:37,468 - ptz_service - INFO - PTZ set_zoom camera=camera1, delta=0.03
2025-12-05 16:41:37,623 - ptz_service - INFO - PTZ set_zoom camera=camera1, delta=0.03
2025-12-05 16:41:37,779 - ptz_service - INFO - PTZ set_zoom camera=camera1, delta=0.03
2025-12-05 16:41:37,936 - ptz_service - INFO - PTZ set_zoom camera=camera1, delta=0.03
2025-12-05 16:41:38,091 - ptz_service - INFO - PTZ set_zoom camera=camera1, delta=0.03
2025-12-05 16:41:38,248 - ptz_service - INFO - PTZ set_zoom camera=camera1, delta=0.03
2025-12-05 16:41:38,451 - ptz_service - INFO - PTZ set_zoom camera=camera1, delta=0.03
2025-12-05 16:41:38,671 - ptz_service - INFO - PTZ set_zoom camera=camera1, delta=0.03
2025-12-05 16:41:38,892 - ptz_service - INFO - PTZ set_zoom camera=camera1, delta=0.03
2025-12-05 16:41:39,097 - ptz_service - INFO - PTZ set_zoom camera=camera1, delta=0.03
2025-12-05 16:41:39,270 - ptz_service - INFO - PTZ set_zoom camera=camera1, delta=0.03
2025-12-05 16:41:39,442 - ptz_service - INFO - PTZ set_zoom camera=camera1, delta=0.03
2025-12-05 16:41:39,644 - ptz_service - INFO - PTZ set_zoom camera=camera1, delta=0.03
2025-12-05 16:41:39,849 - ptz_service - INFO - PTZ set_zoom camera=camera1, delta=0.03
2025-12-05 16:41:40,007 - ptz_service - INFO - PTZ set_zoom camera=camera1, delta=0.03
2025-12-05 16:41:40,164 - ptz_service - INFO - PTZ set_zoom camera=camera1, delta=0.03
2025-12-05 16:41:40,319 - ptz_service - INFO - PTZ set_zoom camera=camera1, delta=0.03
2025-12-05 16:41:40,462 - ptz_service - INFO - PTZ set_zoom camera=camera1, delta=0.03
2025-12-05 16:41:40,604 - ptz_service - INFO - PTZ set_zoom camera=camera1, delta=0.03
2025-12-05 16:41:40,775 - ptz_service - INFO - PTZ set_zoom camera=camera1, delta=0.03
2025-12-05 16:41:40,902 - ptz_service - INFO - PTZ set_zoom camera=camera1, delta=0.03
2025-12-05 16:41:41,061 - ptz_service - INFO - PTZ set_zoom camera=camera1, delta=0.03
2025-12-05 16:41:41,203 - ptz_service - INFO - PTZ set_zoom camera=camera1, delta=0.03
2025-12-05 16:41:41,345 - ptz_service - INFO - PTZ set_zoom camera=camera1, delta=0.03
2025-12-05 16:41:41,532 - ptz_service - INFO - PTZ set_zoom camera=camera1, delta=0.03
2025-12-05 16:41:41,655 - ptz_service - INFO - PTZ set_zoom camera=camera1, delta=0.03
2025-12-05 16:41:41,941 - ptz_service - INFO - PTZ set_zoom camera=camera1, delta=0.03
2025-12-05 16:41:42,066 - ptz_service - INFO - PTZ set_zoom camera=camera1, delta=0.03
2025-12-05 16:41:42,270 - ptz_service - INFO - PTZ set_zoom camera=camera1, delta=0.03
2025-12-05 16:41:43,796 - ptz_service - INFO - PTZ continuous_move camera=camera1, x=0.0, y=-1.0, zoom=0.0
2025-12-05 16:41:44,089 - ptz_service - INFO - PTZ stop camera=camera1, azimut=None
2025-12-05 16:41:44,141 - ptz_service - INFO - PTZ continuous_move camera=camera1, x=0.0, y=-1.0, zoom=0.0
2025-12-05 16:41:44,314 - ptz_service - INFO - PTZ stop camera=camera1, azimut=None
2025-12-05 16:41:47,149 - ptz_service - INFO - PTZ continuous_move camera=camera1, x=0.0, y=1.0, zoom=0.0
2025-12-05 16:41:47,320 - ptz_service - INFO - PTZ stop camera=camera1, azimut=None
2025-12-05 16:41:47,373 - ptz_service - INFO - PTZ continuous_move camera=camera1, x=0.0, y=1.0, zoom=0.0
2025-12-05 16:41:47,546 - ptz_service - INFO - PTZ stop camera=camera1, azimut=None
2025-12-05 16:41:51,530 - ptz_service - INFO - PTZ continuous_move camera=camera1, x=0.0, y=1.0, zoom=0.0
2025-12-05 16:41:51,647 - ptz_service - INFO - PTZ stop camera=camera1, azimut=None
2025-12-05 16:41:51,699 - ptz_service - INFO - PTZ continuous_move camera=camera1, x=0.0, y=1.0, zoom=0.0
2025-12-05 16:41:51,855 - ptz_service - INFO - PTZ stop camera=camera1, azimut=None
2025-12-05 16:41:53,256 - ptz_service - INFO - PTZ continuous_move camera=camera1, x=-1.0, y=0.0, zoom=0.0
2025-12-05 16:41:53,442 - ptz_service - INFO - PTZ stop camera=camera1, azimut=None
2025-12-05 16:41:53,493 - ptz_service - INFO - PTZ continuous_move camera=camera1, x=-1.0, y=0.0, zoom=0.0
2025-12-05 16:41:53,654 - ptz_service - INFO - PTZ stop camera=camera1, azimut=None
2025-12-05 16:42:01,694 - ptz_service - INFO - PTZ continuous_move camera=camera1, x=-1.0, y=0.0, zoom=0.0
2025-12-05 16:42:01,924 - ptz_service - INFO - PTZ stop camera=camera1, azimut=None
2025-12-05 16:42:04,594 - ptz_service - INFO - PTZ continuous_move camera=camera1, x=1.0, y=0.0, zoom=0.0
2025-12-05 16:42:04,742 - ptz_service - INFO - PTZ stop camera=camera1, azimut=None
2025-12-05 16:42:04,794 - ptz_service - INFO - PTZ continuous_move camera=camera1, x=1.0, y=0.0, zoom=0.0
2025-12-05 16:42:04,966 - ptz_service - INFO - PTZ stop camera=camera1, azimut=None
2025-12-05 16:42:06,721 - ptz_service - INFO - PTZ continuous_move camera=camera1, x=0.0, y=1.0, zoom=0.0
2025-12-05 16:42:06,870 - ptz_service - INFO - PTZ stop camera=camera1, azimut=None
2025-12-05 16:42:06,930 - ptz_service - INFO - PTZ continuous_move camera=camera1, x=0.0, y=1.0, zoom=0.0
2025-12-05 16:42:07,022 - ptz_service - INFO - PTZ stop camera=camera1, azimut=None
2025-12-05 16:42:07,071 - ptz_service - INFO - PTZ continuous_move camera=camera1, x=0.0, y=1.0, zoom=0.0
2025-12-05 16:42:07,230 - ptz_service - INFO - PTZ stop camera=camera1, azimut=None
2025-12-05 16:42:29,738 - ptz_service - INFO - PTZ set_zoom camera=camera1, delta=-0.03
2025-12-05 16:42:29,864 - ptz_service - INFO - PTZ set_zoom camera=camera1, delta=-0.03
2025-12-05 16:42:30,085 - ptz_service - INFO - PTZ set_zoom camera=camera1, delta=-0.03
2025-12-05 16:42:30,210 - ptz_service - INFO - PTZ set_zoom camera=camera1, delta=-0.03
2025-12-05 16:42:30,461 - ptz_service - INFO - PTZ set_zoom camera=camera1, delta=-0.03
2025-12-05 16:42:30,587 - ptz_service - INFO - PTZ set_zoom camera=camera1, delta=-0.03
2025-12-05 16:42:30,728 - ptz_service - INFO - PTZ set_zoom camera=camera1, delta=-0.03
2025-12-05 16:42:30,856 - ptz_service - INFO - PTZ set_zoom camera=camera1, delta=-0.03
2025-12-05 16:42:31,045 - ptz_service - INFO - PTZ set_zoom camera=camera1, delta=-0.03
2025-12-05 16:42:31,172 - ptz_service - INFO - PTZ set_zoom camera=camera1, delta=-0.03
2025-12-05 16:42:31,296 - ptz_service - INFO - PTZ set_zoom camera=camera1, delta=-0.03
2025-12-05 16:42:31,455 - ptz_service - INFO - PTZ set_zoom camera=camera1, delta=-0.03
2025-12-05 16:42:31,597 - ptz_service - INFO - PTZ set_zoom camera=camera1, delta=-0.03
2025-12-05 16:42:31,741 - ptz_service - INFO - PTZ set_zoom camera=camera1, delta=-0.03
2025-12-05 16:42:31,915 - ptz_service - INFO - PTZ set_zoom camera=camera1, delta=-0.03
2025-12-05 16:42:32,058 - ptz_service - INFO - PTZ set_zoom camera=camera1, delta=-0.03
2025-12-05 16:42:32,213 - ptz_service - INFO - PTZ set_zoom camera=camera1, delta=-0.03
2025-12-05 16:42:32,354 - ptz_service - INFO - PTZ set_zoom camera=camera1, delta=-0.03
2025-12-05 16:42:32,480 - ptz_service - INFO - PTZ set_zoom camera=camera1, delta=-0.03
2025-12-05 16:42:32,604 - ptz_service - INFO - PTZ set_zoom camera=camera1, delta=-0.03
2025-12-05 16:42:32,822 - ptz_service - INFO - PTZ set_zoom camera=camera1, delta=-0.03
2025-12-05 16:42:33,120 - ptz_service - INFO - PTZ set_zoom camera=camera1, delta=-0.03
2025-12-05 16:42:33,276 - ptz_service - INFO - PTZ set_zoom camera=camera1, delta=-0.03
2025-12-05 16:42:33,433 - ptz_service - INFO - PTZ set_zoom camera=camera1, delta=-0.03
2025-12-05 16:42:33,573 - ptz_service - INFO - PTZ set_zoom camera=camera1, delta=-0.03
2025-12-05 16:42:33,744 - ptz_service - INFO - PTZ set_zoom camera=camera1, delta=-0.03
2025-12-05 16:42:33,903 - ptz_service - INFO - PTZ set_zoom camera=camera1, delta=-0.03
2025-12-05 16:42:34,124 - ptz_service - INFO - PTZ set_zoom camera=camera1, delta=-0.03
2025-12-05 16:42:38,028 - ptz_service - INFO - PTZ set_zoom camera=camera1, delta=-0.03
2025-12-05 16:42:38,185 - ptz_service - INFO - PTZ set_zoom camera=camera1, delta=-0.03
2025-12-05 16:42:38,402 - ptz_service - INFO - PTZ set_zoom camera=camera1, delta=-0.03
2025-12-05 16:42:58,519 - ptz_service - INFO - PTZ set_zoom camera=camera1, delta=-0.03
2025-12-05 16:42:58,659 - ptz_service - INFO - PTZ set_zoom camera=camera1, delta=-0.03
2025-12-05 16:42:58,879 - ptz_service - INFO - PTZ set_zoom camera=camera1, delta=-0.03
2025-12-05 16:42:59,713 - ptz_service - INFO - PTZ set_zoom camera=camera1, delta=-0.03
2025-12-05 16:43:00,577 - ptz_service - INFO - PTZ continuous_move camera=camera1, x=0.0, y=1.0, zoom=0.0
2025-12-05 16:43:00,966 - ptz_service - INFO - PTZ stop camera=camera1, azimut=None
2025-12-05 16:43:01,003 - ptz_service - INFO - PTZ continuous_move camera=camera1, x=0.0, y=1.0, zoom=0.0
2025-12-05 16:43:01,185 - ptz_service - INFO - PTZ stop camera=camera1, azimut=None
2025-12-05 16:43:05,054 - ptz_service - INFO - PTZ continuous_move camera=camera1, x=0.0, y=-1.0, zoom=0.0
2025-12-05 16:43:05,334 - ptz_service - INFO - PTZ stop camera=camera1, azimut=None
2025-12-05 16:43:05,399 - ptz_service - INFO - PTZ continuous_move camera=camera1, x=0.0, y=-1.0, zoom=0.0
2025-12-05 16:43:05,569 - ptz_service - INFO - PTZ stop camera=camera1, azimut=None
2025-12-05 16:43:07,524 - ptz_service - INFO - PTZ continuous_move camera=camera1, x=0.0, y=-1.0, zoom=0.0
2025-12-05 16:43:07,912 - ptz_service - INFO - PTZ stop camera=camera1, azimut=None
2025-12-05 16:43:07,962 - ptz_service - INFO - PTZ continuous_move camera=camera1, x=0.0, y=-1.0, zoom=0.0
2025-12-05 16:43:08,131 - ptz_service - INFO - PTZ stop camera=camera1, azimut=None
2025-12-05 16:43:56,991 - ptz_service - INFO - PTZ set_zoom camera=camera1, delta=0.03
2025-12-05 16:43:58,880 - ptz_service - INFO - PTZ set_zoom camera=camera1, delta=0.03
2025-12-05 16:43:59,165 - ptz_service - INFO - PTZ set_zoom camera=camera1, delta=0.03
2025-12-05 16:43:59,434 - ptz_service - INFO - PTZ set_zoom camera=camera1, delta=0.03
2025-12-05 16:43:59,998 - ptz_service - INFO - PTZ set_zoom camera=camera1, delta=0.03
2025-12-05 16:44:00,361 - ptz_service - INFO - PTZ set_zoom camera=camera1, delta=0.03
2025-12-05 16:44:00,766 - ptz_service - INFO - PTZ set_zoom camera=camera1, delta=0.03
2025-12-05 16:44:00,939 - ptz_service - INFO - PTZ set_zoom camera=camera1, delta=0.03
2025-12-05 16:44:01,346 - ptz_service - INFO - PTZ set_zoom camera=camera1, delta=0.03
2025-12-05 16:44:01,519 - ptz_service - INFO - PTZ set_zoom camera=camera1, delta=0.03
2025-12-05 16:44:01,998 - ptz_service - INFO - PTZ set_zoom camera=camera1, delta=0.03
2025-12-05 16:44:02,325 - ptz_service - INFO - PTZ set_zoom camera=camera1, delta=0.03
2025-12-05 16:44:02,607 - ptz_service - INFO - PTZ set_zoom camera=camera1, delta=0.03
2025-12-05 16:44:02,810 - ptz_service - INFO - PTZ set_zoom camera=camera1, delta=0.03
2025-12-05 16:44:03,013 - ptz_service - INFO - PTZ set_zoom camera=camera1, delta=0.03
2025-12-05 16:44:03,182 - ptz_service - INFO - PTZ set_zoom camera=camera1, delta=0.03
2025-12-05 16:44:03,337 - ptz_service - INFO - PTZ set_zoom camera=camera1, delta=0.03
2025-12-05 16:44:03,494 - ptz_service - INFO - PTZ set_zoom camera=camera1, delta=0.03
2025-12-05 16:44:03,637 - ptz_service - INFO - PTZ set_zoom camera=camera1, delta=0.03
2025-12-05 16:44:03,796 - ptz_service - INFO - PTZ set_zoom camera=camera1, delta=0.03
2025-12-05 16:44:03,954 - ptz_service - INFO - PTZ set_zoom camera=camera1, delta=0.03
2025-12-05 16:44:04,097 - ptz_service - INFO - PTZ set_zoom camera=camera1, delta=0.03
2025-12-05 16:44:04,256 - ptz_service - INFO - PTZ set_zoom camera=camera1, delta=0.03
2025-12-05 16:44:04,412 - ptz_service - INFO - PTZ set_zoom camera=camera1, delta=0.03
2025-12-05 16:44:04,571 - ptz_service - INFO - PTZ set_zoom camera=camera1, delta=0.03
2025-12-05 16:44:04,761 - ptz_service - INFO - PTZ set_zoom camera=camera1, delta=0.03
2025-12-05 16:44:04,904 - ptz_service - INFO - PTZ set_zoom camera=camera1, delta=0.03
2025-12-05 16:44:05,028 - ptz_service - INFO - PTZ set_zoom camera=camera1, delta=0.03
2025-12-05 16:44:05,186 - ptz_service - INFO - PTZ set_zoom camera=camera1, delta=0.03
2025-12-05 16:44:05,365 - ptz_service - INFO - PTZ set_zoom camera=camera1, delta=0.03
2025-12-05 16:44:05,537 - ptz_service - INFO - PTZ set_zoom camera=camera1, delta=0.03
2025-12-05 16:44:05,710 - ptz_service - INFO - PTZ set_zoom camera=camera1, delta=0.03
2025-12-05 16:44:05,867 - ptz_service - INFO - PTZ set_zoom camera=camera1, delta=0.03
2025-12-05 16:44:06,038 - ptz_service - INFO - PTZ set_zoom camera=camera1, delta=0.03
2025-12-05 16:44:06,194 - ptz_service - INFO - PTZ set_zoom camera=camera1, delta=0.03
2025-12-05 16:44:06,365 - ptz_service - INFO - PTZ set_zoom camera=camera1, delta=0.03
2025-12-05 16:44:06,521 - ptz_service - INFO - PTZ set_zoom camera=camera1, delta=0.03
2025-12-05 16:44:06,682 - ptz_service - INFO - PTZ set_zoom camera=camera1, delta=0.03
2025-12-05 16:44:06,855 - ptz_service - INFO - PTZ set_zoom camera=camera1, delta=0.03
2025-12-05 16:44:07,014 - ptz_service - INFO - PTZ set_zoom camera=camera1, delta=0.03
2025-12-05 16:44:07,201 - ptz_service - INFO - PTZ set_zoom camera=camera1, delta=0.03
2025-12-05 16:44:07,371 - ptz_service - INFO - PTZ set_zoom camera=camera1, delta=0.03
2025-12-05 16:44:07,544 - ptz_service - INFO - PTZ set_zoom camera=camera1, delta=0.03
2025-12-05 16:44:07,750 - ptz_service - INFO - PTZ set_zoom camera=camera1, delta=0.03
2025-12-05 16:44:13,271 - ptz_service - INFO - PTZ continuous_move camera=camera1, x=1.0, y=0.0, zoom=0.0
2025-12-05 16:44:13,423 - ptz_service - INFO - PTZ stop camera=camera1, azimut=None
2025-12-05 16:44:14,988 - ptz_service - INFO - PTZ continuous_move camera=camera1, x=1.0, y=0.0, zoom=0.0
2025-12-05 16:44:15,107 - ptz_service - INFO - PTZ stop camera=camera1, azimut=None
2025-12-05 16:44:15,232 - ptz_service - INFO - PTZ continuous_move camera=camera1, x=1.0, y=0.0, zoom=0.0
2025-12-05 16:44:15,341 - ptz_service - INFO - PTZ stop camera=camera1, azimut=None
2025-12-05 16:44:15,458 - ptz_service - INFO - PTZ continuous_move camera=camera1, x=1.0, y=0.0, zoom=0.0
2025-12-05 16:44:15,591 - ptz_service - INFO - PTZ stop camera=camera1, azimut=None
2025-12-05 16:44:15,799 - ptz_service - INFO - PTZ continuous_move camera=camera1, x=1.0, y=0.0, zoom=0.0
2025-12-05 16:44:15,893 - ptz_service - INFO - PTZ stop camera=camera1, azimut=None
2025-12-05 16:44:16,612 - ptz_service - INFO - PTZ continuous_move camera=camera1, x=1.0, y=0.0, zoom=0.0
2025-12-05 16:44:16,726 - ptz_service - INFO - PTZ stop camera=camera1, azimut=None
2025-12-05 16:44:16,829 - ptz_service - INFO - PTZ continuous_move camera=camera1, x=1.0, y=0.0, zoom=0.0
2025-12-05 16:44:17,013 - ptz_service - INFO - PTZ stop camera=camera1, azimut=None
2025-12-05 16:44:17,141 - ptz_service - INFO - PTZ continuous_move camera=camera1, x=1.0, y=0.0, zoom=0.0
2025-12-05 16:44:17,293 - ptz_service - INFO - PTZ stop camera=camera1, azimut=None
2025-12-05 16:44:17,478 - ptz_service - INFO - PTZ continuous_move camera=camera1, x=1.0, y=0.0, zoom=0.0
2025-12-05 16:44:17,639 - ptz_service - INFO - PTZ stop camera=camera1, azimut=None
2025-12-05 16:44:17,769 - ptz_service - INFO - PTZ continuous_move camera=camera1, x=1.0, y=0.0, zoom=0.0
2025-12-05 16:44:17,943 - ptz_service - INFO - PTZ stop camera=camera1, azimut=None
2025-12-05 16:44:18,093 - ptz_service - INFO - PTZ continuous_move camera=camera1, x=1.0, y=0.0, zoom=0.0
2025-12-05 16:44:18,218 - ptz_service - INFO - PTZ stop camera=camera1, azimut=None
2025-12-05 16:44:18,397 - ptz_service - INFO - PTZ continuous_move camera=camera1, x=1.0, y=0.0, zoom=0.0
2025-12-05 16:44:18,538 - ptz_service - INFO - PTZ stop camera=camera1, azimut=None
2025-12-05 16:44:18,659 - ptz_service - INFO - PTZ continuous_move camera=camera1, x=1.0, y=0.0, zoom=0.0
2025-12-05 16:44:18,848 - ptz_service - INFO - PTZ stop camera=camera1, azimut=None
2025-12-05 16:44:18,983 - ptz_service - INFO - PTZ continuous_move camera=camera1, x=1.0, y=0.0, zoom=0.0
2025-12-05 16:44:19,132 - ptz_service - INFO - PTZ stop camera=camera1, azimut=None
2025-12-05 16:44:19,266 - ptz_service - INFO - PTZ continuous_move camera=camera1, x=1.0, y=0.0, zoom=0.0
2025-12-05 16:44:19,380 - ptz_service - INFO - PTZ stop camera=camera1, azimut=None
2025-12-05 16:44:19,632 - ptz_service - INFO - PTZ continuous_move camera=camera1, x=1.0, y=0.0, zoom=0.0
2025-12-05 16:44:19,732 - ptz_service - INFO - PTZ stop camera=camera1, azimut=None
2025-12-05 16:44:22,438 - ptz_service - INFO - PTZ set_zoom camera=camera1, delta=0.03
2025-12-05 16:44:22,678 - ptz_service - INFO - PTZ set_zoom camera=camera1, delta=0.03
2025-12-05 16:44:23,196 - ptz_service - INFO - PTZ set_zoom camera=camera1, delta=0.03
2025-12-05 16:44:23,416 - ptz_service - INFO - PTZ set_zoom camera=camera1, delta=0.03
2025-12-05 16:44:23,668 - ptz_service - INFO - PTZ set_zoom camera=camera1, delta=0.03
2025-12-05 16:44:23,919 - ptz_service - INFO - PTZ set_zoom camera=camera1, delta=0.03
2025-12-05 16:44:24,187 - ptz_service - INFO - PTZ set_zoom camera=camera1, delta=0.03
2025-12-05 16:44:24,457 - ptz_service - INFO - PTZ set_zoom camera=camera1, delta=0.03
2025-12-05 16:44:26,812 - ptz_service - INFO - PTZ set_zoom camera=camera1, delta=0.03
2025-12-05 16:44:27,111 - ptz_service - INFO - PTZ set_zoom camera=camera1, delta=0.03
2025-12-05 16:44:27,331 - ptz_service - INFO - PTZ set_zoom camera=camera1, delta=0.03
2025-12-05 16:44:27,583 - ptz_service - INFO - PTZ set_zoom camera=camera1, delta=0.03
2025-12-05 16:44:27,819 - ptz_service - INFO - PTZ set_zoom camera=camera1, delta=0.03
2025-12-05 16:44:28,070 - ptz_service - INFO - PTZ set_zoom camera=camera1, delta=0.03
2025-12-05 16:44:28,324 - ptz_service - INFO - PTZ set_zoom camera=camera1, delta=0.03
2025-12-05 16:44:28,574 - ptz_service - INFO - PTZ set_zoom camera=camera1, delta=0.03
2025-12-05 16:44:28,825 - ptz_service - INFO - PTZ set_zoom camera=camera1, delta=0.03
2025-12-05 16:44:29,060 - ptz_service - INFO - PTZ set_zoom camera=camera1, delta=0.03
2025-12-05 16:44:29,282 - ptz_service - INFO - PTZ set_zoom camera=camera1, delta=0.03
2025-12-05 16:44:29,516 - ptz_service - INFO - PTZ set_zoom camera=camera1, delta=0.03
2025-12-05 16:44:29,764 - ptz_service - INFO - PTZ set_zoom camera=camera1, delta=0.03
2025-12-05 16:44:30,002 - ptz_service - INFO - PTZ set_zoom camera=camera1, delta=0.03
2025-12-05 16:44:30,253 - ptz_service - INFO - PTZ set_zoom camera=camera1, delta=0.03
2025-12-05 16:44:30,503 - ptz_service - INFO - PTZ set_zoom camera=camera1, delta=0.03
2025-12-05 16:44:30,724 - ptz_service - INFO - PTZ set_zoom camera=camera1, delta=0.03
2025-12-05 16:44:31,022 - ptz_service - INFO - PTZ set_zoom camera=camera1, delta=0.03
2025-12-05 16:44:31,256 - ptz_service - INFO - PTZ set_zoom camera=camera1, delta=0.03
2025-12-05 16:44:31,540 - ptz_service - INFO - PTZ set_zoom camera=camera1, delta=0.03
2025-12-05 16:44:33,059 - ptz_service - INFO - PTZ continuous_move camera=camera1, x=0.0, y=-1.0, zoom=0.0
2025-12-05 16:44:33,222 - ptz_service - INFO - PTZ stop camera=camera1, azimut=None
2025-12-05 16:44:33,335 - ptz_service - INFO - PTZ continuous_move camera=camera1, x=0.0, y=-1.0, zoom=0.0
2025-12-05 16:44:33,460 - ptz_service - INFO - PTZ stop camera=camera1, azimut=None
2025-12-05 16:44:33,582 - ptz_service - INFO - PTZ continuous_move camera=camera1, x=0.0, y=-1.0, zoom=0.0
2025-12-05 16:44:33,718 - ptz_service - INFO - PTZ stop camera=camera1, azimut=None
2025-12-05 16:44:33,860 - ptz_service - INFO - PTZ continuous_move camera=camera1, x=0.0, y=-1.0, zoom=0.0
2025-12-05 16:44:34,000 - ptz_service - INFO - PTZ stop camera=camera1, azimut=None
2025-12-05 16:44:34,139 - ptz_service - INFO - PTZ continuous_move camera=camera1, x=0.0, y=-1.0, zoom=0.0
2025-12-05 16:44:34,283 - ptz_service - INFO - PTZ stop camera=camera1, azimut=None
2025-12-05 16:44:35,999 - ptz_service - INFO - PTZ continuous_move camera=camera1, x=0.0, y=1.0, zoom=0.0
2025-12-05 16:44:36,145 - ptz_service - INFO - PTZ stop camera=camera1, azimut=None
2025-12-05 16:44:36,285 - ptz_service - INFO - PTZ continuous_move camera=camera1, x=0.0, y=1.0, zoom=0.0
2025-12-05 16:44:36,399 - ptz_service - INFO - PTZ stop camera=camera1, azimut=None
2025-12-05 16:44:41,152 - ptz_service - INFO - PTZ set_zoom camera=camera1, delta=-0.03
2025-12-05 16:44:45,417 - ptz_service - INFO - PTZ set_zoom camera=camera1, delta=-0.03
2025-12-05 16:44:46,665 - ptz_service - INFO - PTZ set_zoom camera=camera1, delta=-0.03
2025-12-05 16:44:47,677 - ptz_service - INFO - PTZ set_zoom camera=camera1, delta=-0.03
2025-12-05 16:44:48,004 - ptz_service - INFO - PTZ set_zoom camera=camera1, delta=-0.03
2025-12-05 16:44:48,931 - ptz_service - INFO - PTZ set_zoom camera=camera1, delta=-0.03
2025-12-05 16:44:49,672 - ptz_service - INFO - PTZ set_zoom camera=camera1, delta=-0.03
2025-12-05 16:44:50,365 - ptz_service - INFO - PTZ set_zoom camera=camera1, delta=-0.03
2025-12-05 16:44:50,650 - ptz_service - INFO - PTZ set_zoom camera=camera1, delta=-0.03
2025-12-05 16:44:51,010 - ptz_service - INFO - PTZ set_zoom camera=camera1, delta=-0.03
2025-12-05 16:44:51,896 - ptz_service - INFO - PTZ set_zoom camera=camera1, delta=-0.03
2025-12-05 16:44:52,272 - ptz_service - INFO - PTZ set_zoom camera=camera1, delta=-0.03
2025-12-05 16:44:52,758 - ptz_service - INFO - PTZ set_zoom camera=camera1, delta=-0.03
2025-12-05 16:44:53,179 - ptz_service - INFO - PTZ set_zoom camera=camera1, delta=-0.03
2025-12-05 16:44:53,745 - ptz_service - INFO - PTZ set_zoom camera=camera1, delta=-0.03
2025-12-05 16:44:54,152 - ptz_service - INFO - PTZ set_zoom camera=camera1, delta=-0.03
2025-12-05 16:44:54,703 - ptz_service - INFO - PTZ set_zoom camera=camera1, delta=-0.03
2025-12-05 16:44:55,596 - ptz_service - INFO - PTZ set_zoom camera=camera1, delta=-0.03
2025-12-05 16:44:56,160 - ptz_service - INFO - PTZ set_zoom camera=camera1, delta=-0.03
2025-12-05 16:44:56,551 - ptz_service - INFO - PTZ set_zoom camera=camera1, delta=-0.03
2025-12-05 16:44:57,267 - ptz_service - INFO - PTZ set_zoom camera=camera1, delta=-0.03
2025-12-05 16:45:22,500 - ptz_service - INFO - PTZ set_zoom camera=camera1, delta=-0.03
2025-12-05 16:45:22,658 - ptz_service - INFO - PTZ set_zoom camera=camera1, delta=-0.03
2025-12-05 16:45:22,784 - ptz_service - INFO - PTZ set_zoom camera=camera1, delta=-0.03
2025-12-05 16:45:22,936 - ptz_service - INFO - PTZ set_zoom camera=camera1, delta=-0.03
2025-12-05 16:45:23,122 - ptz_service - INFO - PTZ set_zoom camera=camera1, delta=-0.03
2025-12-05 16:45:23,248 - ptz_service - INFO - PTZ set_zoom camera=camera1, delta=-0.03
2025-12-05 16:45:23,372 - ptz_service - INFO - PTZ set_zoom camera=camera1, delta=-0.03
2025-12-05 16:45:23,498 - ptz_service - INFO - PTZ set_zoom camera=camera1, delta=-0.03
2025-12-05 16:45:23,625 - ptz_service - INFO - PTZ set_zoom camera=camera1, delta=-0.03
2025-12-05 16:45:23,750 - ptz_service - INFO - PTZ set_zoom camera=camera1, delta=-0.03
2025-12-05 16:45:24,207 - ptz_service - INFO - PTZ set_zoom camera=camera1, delta=-0.03
2025-12-05 16:45:24,331 - ptz_service - INFO - PTZ set_zoom camera=camera1, delta=-0.03
2025-12-05 16:45:24,457 - ptz_service - INFO - PTZ set_zoom camera=camera1, delta=-0.03
2025-12-05 16:45:24,585 - ptz_service - INFO - PTZ set_zoom camera=camera1, delta=-0.03
2025-12-05 16:45:24,700 - ptz_service - INFO - PTZ set_zoom camera=camera1, delta=-0.03
2025-12-05 16:45:24,827 - ptz_service - INFO - PTZ set_zoom camera=camera1, delta=-0.03
2025-12-05 16:45:25,247 - ptz_service - INFO - PTZ set_zoom camera=camera1, delta=-0.03
2025-12-05 16:45:25,372 - ptz_service - INFO - PTZ set_zoom camera=camera1, delta=-0.03
2025-12-05 16:45:25,854 - ptz_service - INFO - PTZ set_zoom camera=camera1, delta=-0.03
2025-12-05 16:45:25,979 - ptz_service - INFO - PTZ set_zoom camera=camera1, delta=-0.03
2025-12-05 16:45:26,102 - ptz_service - INFO - PTZ set_zoom camera=camera1, delta=-0.03
2025-12-05 16:45:26,259 - ptz_service - INFO - PTZ set_zoom camera=camera1, delta=-0.03
2025-12-05 16:45:26,526 - ptz_service - INFO - PTZ set_zoom camera=camera1, delta=-0.03
2025-12-05 16:45:26,650 - ptz_service - INFO - PTZ set_zoom camera=camera1, delta=-0.03
2025-12-05 16:45:26,903 - ptz_service - INFO - PTZ set_zoom camera=camera1, delta=-0.03
2025-12-05 16:45:27,028 - ptz_service - INFO - PTZ set_zoom camera=camera1, delta=-0.03
2025-12-05 16:45:27,152 - ptz_service - INFO - PTZ set_zoom camera=camera1, delta=-0.03
2025-12-05 16:45:27,278 - ptz_service - INFO - PTZ set_zoom camera=camera1, delta=-0.03
2025-12-05 16:45:27,403 - ptz_service - INFO - PTZ set_zoom camera=camera1, delta=-0.03
2025-12-05 16:45:27,529 - ptz_service - INFO - PTZ set_zoom camera=camera1, delta=-0.03
2025-12-05 16:45:27,655 - ptz_service - INFO - PTZ set_zoom camera=camera1, delta=-0.03
2025-12-05 16:45:27,779 - ptz_service - INFO - PTZ set_zoom camera=camera1, delta=-0.03
2025-12-05 16:45:27,904 - ptz_service - INFO - PTZ set_zoom camera=camera1, delta=-0.03
2025-12-05 16:45:28,029 - ptz_service - INFO - PTZ set_zoom camera=camera1, delta=-0.03
2025-12-05 16:45:28,156 - ptz_service - INFO - PTZ set_zoom camera=camera1, delta=-0.03
2025-12-05 16:45:28,280 - ptz_service - INFO - PTZ set_zoom camera=camera1, delta=-0.03
2025-12-05 16:45:28,405 - ptz_service - INFO - PTZ set_zoom camera=camera1, delta=-0.03
2025-12-05 16:45:28,532 - ptz_service - INFO - PTZ set_zoom camera=camera1, delta=-0.03
2025-12-05 16:45:29,289 - ptz_service - INFO - PTZ set_zoom camera=camera1, delta=-0.03
2025-12-05 16:45:29,409 - ptz_service - INFO - PTZ set_zoom camera=camera1, delta=-0.03
2025-12-05 16:45:29,998 - ptz_service - INFO - PTZ set_zoom camera=camera1, delta=-0.03
2025-12-05 16:45:30,156 - ptz_service - INFO - PTZ set_zoom camera=camera1, delta=-0.03
2025-12-05 16:45:30,281 - ptz_service - INFO - PTZ set_zoom camera=camera1, delta=-0.03
2025-12-05 16:45:30,866 - ptz_service - INFO - PTZ set_zoom camera=camera1, delta=-0.03
2025-12-05 16:45:30,991 - ptz_service - INFO - PTZ set_zoom camera=camera1, delta=-0.03
2025-12-05 16:45:31,117 - ptz_service - INFO - PTZ set_zoom camera=camera1, delta=-0.03
2025-12-05 16:45:31,259 - ptz_service - INFO - PTZ set_zoom camera=camera1, delta=-0.03
2025-12-05 16:48:41,253 - ptz_service - INFO - PTZ continuous_move camera=camera1, x=-1.0, y=0.0, zoom=0.0
2025-12-05 16:48:42,587 - ptz_service - INFO - PTZ stop camera=camera1, azimut=None
2025-12-05 16:48:44,153 - ptz_service - INFO - PTZ continuous_move camera=camera1, x=1.0, y=0.0, zoom=0.0
2025-12-05 16:48:44,922 - ptz_service - INFO - PTZ stop camera=camera1, azimut=None
2025-12-05 16:48:48,830 - ptz_service - INFO - PTZ continuous_move camera=camera1, x=-1.0, y=0.0, zoom=0.0
2025-12-05 16:48:49,268 - ptz_service - INFO - PTZ stop camera=camera1, azimut=None
2025-12-05 16:48:51,231 - ptz_service - INFO - PTZ continuous_move camera=camera1, x=1.0, y=0.0, zoom=0.0
2025-12-05 16:48:51,588 - ptz_service - INFO - PTZ stop camera=camera1, azimut=None
2025-12-05 16:48:51,623 - ptz_service - INFO - PTZ continuous_move camera=camera1, x=1.0, y=0.0, zoom=0.0
2025-12-05 16:48:51,807 - ptz_service - INFO - PTZ stop camera=camera1, azimut=None
2025-12-05 16:48:53,787 - ptz_service - INFO - PTZ continuous_move camera=camera1, x=1.0, y=0.0, zoom=0.0
2025-12-05 16:48:54,255 - ptz_service - INFO - PTZ stop camera=camera1, azimut=None
2025-12-05 16:48:56,334 - ptz_service - INFO - PTZ continuous_move camera=camera1, x=0.0, y=1.0, zoom=0.0
2025-12-05 16:48:56,668 - ptz_service - INFO - PTZ stop camera=camera1, azimut=None
2025-12-05 16:48:56,717 - ptz_service - INFO - PTZ continuous_move camera=camera1, x=0.0, y=1.0, zoom=0.0
2025-12-05 16:48:56,901 - ptz_service - INFO - PTZ stop camera=camera1, azimut=None
2025-12-05 16:48:59,380 - ptz_service - INFO - PTZ continuous_move camera=camera1, x=0.0, y=-1.0, zoom=0.0
2025-12-05 16:48:59,559 - ptz_service - INFO - PTZ stop camera=camera1, azimut=None
2025-12-05 16:48:59,609 - ptz_service - INFO - PTZ continuous_move camera=camera1, x=0.0, y=-1.0, zoom=0.0
2025-12-05 16:48:59,717 - ptz_service - INFO - PTZ stop camera=camera1, azimut=None
2025-12-05 16:48:59,752 - ptz_service - INFO - PTZ continuous_move camera=camera1, x=0.0, y=-1.0, zoom=0.0
2025-12-05 16:48:59,873 - ptz_service - INFO - PTZ stop camera=camera1, azimut=None
2025-12-05 16:48:59,907 - ptz_service - INFO - PTZ continuous_move camera=camera1, x=0.0, y=-1.0, zoom=0.0
2025-12-05 16:49:00,121 - ptz_service - INFO - PTZ stop camera=camera1, azimut=None
2025-12-05 16:49:00,171 - ptz_service - INFO - PTZ continuous_move camera=camera1, x=0.0, y=-1.0, zoom=0.0
2025-12-05 16:49:00,337 - ptz_service - INFO - PTZ stop camera=camera1, azimut=None
2025-12-05 16:49:00,392 - ptz_service - INFO - PTZ continuous_move camera=camera1, x=0.0, y=-1.0, zoom=0.0
2025-12-05 16:49:00,468 - ptz_service - INFO - PTZ stop camera=camera1, azimut=None
2025-12-05 16:49:00,518 - ptz_service - INFO - PTZ continuous_move camera=camera1, x=0.0, y=-1.0, zoom=0.0
2025-12-05 16:49:00,740 - ptz_service - INFO - PTZ stop camera=camera1, azimut=None
2025-12-05 16:49:00,801 - ptz_service - INFO - PTZ continuous_move camera=camera1, x=0.0, y=-1.0, zoom=0.0
2025-12-05 16:49:00,936 - ptz_service - INFO - PTZ stop camera=camera1, azimut=None
2025-12-05 16:49:01,000 - ptz_service - INFO - PTZ continuous_move camera=camera1, x=0.0, y=-1.0, zoom=0.0
2025-12-05 16:49:01,168 - ptz_service - INFO - PTZ stop camera=camera1, azimut=None
2025-12-05 16:52:14,043 - ptz_service - INFO - PTZ continuous_move camera=camera1, x=1.0, y=0.0, zoom=0.0
2025-12-05 16:52:14,970 - ptz_service - INFO - PTZ stop camera=camera1, azimut=None
2025-12-05 16:52:16,019 - ptz_service - INFO - PTZ continuous_move camera=camera1, x=1.0, y=0.0, zoom=0.0
2025-12-05 16:52:16,672 - ptz_service - INFO - PTZ stop camera=camera1, azimut=None
2025-12-05 16:52:18,626 - ptz_service - INFO - PTZ continuous_move camera=camera1, x=1.0, y=0.0, zoom=0.0
2025-12-05 16:52:19,146 - ptz_service - INFO - PTZ stop camera=camera1, azimut=None
2025-12-05 16:52:20,976 - ptz_service - INFO - PTZ continuous_move camera=camera1, x=1.0, y=0.0, zoom=0.0
2025-12-05 16:52:21,420 - ptz_service - INFO - PTZ stop camera=camera1, azimut=None
2025-12-05 16:52:25,052 - ptz_service - INFO - PTZ continuous_move camera=camera1, x=1.0, y=0.0, zoom=0.0
2025-12-05 16:52:25,763 - ptz_service - INFO - PTZ stop camera=camera1, azimut=None
2025-12-05 16:52:29,797 - ptz_service - INFO - PTZ continuous_move camera=camera1, x=-1.0, y=0.0, zoom=0.0
2025-12-05 16:52:30,962 - ptz_service - INFO - PTZ stop camera=camera1, azimut=None
2025-12-05 16:52:34,063 - ptz_service - INFO - PTZ continuous_move camera=camera1, x=1.0, y=0.0, zoom=0.0
2025-12-05 16:52:34,512 - ptz_service - INFO - PTZ stop camera=camera1, azimut=None
2025-12-05 16:52:36,386 - ptz_service - INFO - PTZ continuous_move camera=camera1, x=1.0, y=0.0, zoom=0.0
2025-12-05 16:52:36,982 - ptz_service - INFO - PTZ stop camera=camera1, azimut=None
2025-12-05 16:52:39,920 - ptz_service - INFO - PTZ continuous_move camera=camera1, x=1.0, y=0.0, zoom=0.0
2025-12-05 16:52:40,494 - ptz_service - INFO - PTZ stop camera=camera1, azimut=None
2025-12-05 16:52:42,607 - ptz_service - INFO - PTZ continuous_move camera=camera1, x=1.0, y=0.0, zoom=0.0
2025-12-05 16:52:43,032 - ptz_service - INFO - PTZ stop camera=camera1, azimut=None
2025-12-05 16:53:01,316 - ptz_service - INFO - PTZ continuous_move camera=camera1, x=0.0, y=1.0, zoom=0.0
2025-12-05 16:53:01,516 - ptz_service - INFO - PTZ stop camera=camera1, azimut=None
2025-12-05 16:53:01,576 - ptz_service - INFO - PTZ continuous_move camera=camera1, x=0.0, y=1.0, zoom=0.0
2025-12-05 16:53:01,737 - ptz_service - INFO - PTZ stop camera=camera1, azimut=None
2025-12-05 16:53:03,120 - ptz_service - INFO - PTZ continuous_move camera=camera1, x=-1.0, y=0.0, zoom=0.0
2025-12-05 16:53:03,322 - ptz_service - INFO - PTZ stop camera=camera1, azimut=None
2025-12-05 16:53:03,379 - ptz_service - INFO - PTZ continuous_move camera=camera1, x=-1.0, y=0.0, zoom=0.0
2025-12-05 16:53:03,540 - ptz_service - INFO - PTZ stop camera=camera1, azimut=None
2025-12-05 17:20:21,782 - ptz_service - INFO - PTZ continuous_move camera=camera1, x=-1.0, y=0.0, zoom=0.0
2025-12-05 17:20:22,125 - ptz_service - INFO - PTZ stop camera=camera1, azimut=None
2025-12-05 17:20:22,199 - ptz_service - INFO - PTZ continuous_move camera=camera1, x=-1.0, y=0.0, zoom=0.0
2025-12-05 17:20:22,345 - ptz_service - INFO - PTZ stop camera=camera1, azimut=None
2025-12-05 17:20:30,568 - ptz_service - INFO - PTZ continuous_move camera=camera1, x=1.0, y=0.0, zoom=0.0
2025-12-05 17:20:37,113 - ptz_service - INFO - PTZ stop camera=camera1, azimut=None
2025-12-05 17:20:39,235 - ptz_service - INFO - PTZ continuous_move camera=camera1, x=0.0, y=1.0, zoom=0.0
2025-12-05 17:20:39,738 - ptz_service - INFO - PTZ stop camera=camera1, azimut=None
2025-12-05 17:20:42,159 - ptz_service - INFO - PTZ continuous_move camera=camera1, x=1.0, y=0.0, zoom=0.0
2025-12-05 17:20:42,592 - ptz_service - INFO - PTZ stop camera=camera1, azimut=None
2025-12-05 17:20:45,509 - ptz_service - INFO - PTZ continuous_move camera=camera1, x=0.0, y=1.0, zoom=0.0
2025-12-05 17:20:45,883 - ptz_service - INFO - PTZ stop camera=camera1, azimut=None
2025-12-05 17:20:45,940 - ptz_service - INFO - PTZ continuous_move camera=camera1, x=0.0, y=1.0, zoom=0.0
2025-12-05 17:20:46,111 - ptz_service - INFO - PTZ stop camera=camera1, azimut=None
2025-12-05 17:20:47,552 - ptz_service - INFO - PTZ continuous_move camera=camera1, x=1.0, y=0.0, zoom=0.0
2025-12-05 17:20:47,981 - ptz_service - INFO - PTZ stop camera=camera1, azimut=None
2025-12-05 17:20:52,462 - ptz_service - INFO - PTZ continuous_move camera=camera1, x=0.0, y=1.0, zoom=0.0
2025-12-05 17:20:52,865 - ptz_service - INFO - PTZ stop camera=camera1, azimut=None
2025-12-05 17:21:03,852 - ptz_service - INFO - PTZ continuous_move camera=camera1, x=0.0, y=-1.0, zoom=0.0
2025-12-05 17:21:04,012 - ptz_service - INFO - PTZ stop camera=camera1, azimut=None
2025-12-05 17:21:04,068 - ptz_service - INFO - PTZ continuous_move camera=camera1, x=0.0, y=-1.0, zoom=0.0
2025-12-05 17:21:04,509 - ptz_service - INFO - PTZ stop camera=camera1, azimut=None
2025-12-05 17:21:06,613 - ptz_service - INFO - PTZ continuous_move camera=camera1, x=0.0, y=-1.0, zoom=0.0
2025-12-05 17:21:06,872 - ptz_service - INFO - PTZ stop camera=camera1, azimut=None
2025-12-05 17:21:06,927 - ptz_service - INFO - PTZ continuous_move camera=camera1, x=0.0, y=-1.0, zoom=0.0
2025-12-05 17:21:07,086 - ptz_service - INFO - PTZ stop camera=camera1, azimut=None
2025-12-05 17:21:08,453 - ptz_service - INFO - PTZ set_zoom camera=camera1, delta=-0.03
2025-12-05 17:21:08,581 - ptz_service - INFO - PTZ set_zoom camera=camera1, delta=-0.03
2025-12-05 17:21:08,900 - ptz_service - INFO - PTZ set_zoom camera=camera1, delta=-0.03
2025-12-05 17:21:09,026 - ptz_service - INFO - PTZ set_zoom camera=camera1, delta=-0.03
2025-12-05 17:21:09,186 - ptz_service - INFO - PTZ set_zoom camera=camera1, delta=-0.03
2025-12-05 17:21:09,410 - ptz_service - INFO - PTZ set_zoom camera=camera1, delta=-0.03
2025-12-05 17:21:16,143 - ptz_service - INFO - PTZ set_zoom camera=camera1, delta=-0.03
2025-12-05 17:21:16,319 - ptz_service - INFO - PTZ set_zoom camera=camera1, delta=-0.03
2025-12-05 17:21:16,463 - ptz_service - INFO - PTZ set_zoom camera=camera1, delta=-0.03
2025-12-05 17:21:16,746 - ptz_service - INFO - PTZ set_zoom camera=camera1, delta=-0.03
2025-12-05 17:21:17,023 - ptz_service - INFO - PTZ set_zoom camera=camera1, delta=-0.03
2025-12-05 17:21:17,182 - ptz_service - INFO - PTZ set_zoom camera=camera1, delta=-0.03
2025-12-05 17:21:17,325 - ptz_service - INFO - PTZ set_zoom camera=camera1, delta=-0.03
2025-12-05 17:21:17,454 - ptz_service - INFO - PTZ set_zoom camera=camera1, delta=-0.03
2025-12-05 17:21:17,596 - ptz_service - INFO - PTZ set_zoom camera=camera1, delta=-0.03
2025-12-05 17:21:17,849 - ptz_service - INFO - PTZ set_zoom camera=camera1, delta=-0.03
2025-12-05 17:21:18,007 - ptz_service - INFO - PTZ set_zoom camera=camera1, delta=-0.03
2025-12-05 17:21:18,184 - ptz_service - INFO - PTZ set_zoom camera=camera1, delta=-0.03
2025-12-05 17:21:18,325 - ptz_service - INFO - PTZ set_zoom camera=camera1, delta=-0.03
2025-12-05 17:21:18,471 - ptz_service - INFO - PTZ set_zoom camera=camera1, delta=-0.03
2025-12-05 17:21:18,597 - ptz_service - INFO - PTZ set_zoom camera=camera1, delta=-0.03
2025-12-05 17:21:18,805 - ptz_service - INFO - PTZ set_zoom camera=camera1, delta=-0.03
2025-12-05 17:21:18,964 - ptz_service - INFO - PTZ set_zoom camera=camera1, delta=-0.03
2025-12-05 17:21:19,091 - ptz_service - INFO - PTZ set_zoom camera=camera1, delta=-0.03
2025-12-05 17:21:19,222 - ptz_service - INFO - PTZ set_zoom camera=camera1, delta=-0.03
2025-12-05 17:21:19,363 - ptz_service - INFO - PTZ set_zoom camera=camera1, delta=-0.03
2025-12-05 17:21:19,490 - ptz_service - INFO - PTZ set_zoom camera=camera1, delta=-0.03
2025-12-05 17:21:19,617 - ptz_service - INFO - PTZ set_zoom camera=camera1, delta=-0.03
2025-12-05 17:21:19,756 - ptz_service - INFO - PTZ set_zoom camera=camera1, delta=-0.03
2025-12-05 17:21:19,868 - ptz_service - INFO - PTZ set_zoom camera=camera1, delta=-0.03
2025-12-05 17:21:20,010 - ptz_service - INFO - PTZ set_zoom camera=camera1, delta=-0.03
2025-12-05 17:21:20,249 - ptz_service - INFO - PTZ set_zoom camera=camera1, delta=-0.03
2025-12-05 17:21:20,377 - ptz_service - INFO - PTZ set_zoom camera=camera1, delta=-0.03
2025-12-05 17:21:20,504 - ptz_service - INFO - PTZ set_zoom camera=camera1, delta=-0.03
2025-12-05 17:21:20,630 - ptz_service - INFO - PTZ set_zoom camera=camera1, delta=-0.03
2025-12-05 17:21:20,880 - ptz_service - INFO - PTZ set_zoom camera=camera1, delta=-0.03
2025-12-05 17:21:21,007 - ptz_service - INFO - PTZ set_zoom camera=camera1, delta=-0.03
2025-12-05 17:21:21,164 - ptz_service - INFO - PTZ set_zoom camera=camera1, delta=-0.03
2025-12-05 17:21:21,866 - ptz_service - INFO - PTZ set_zoom camera=camera1, delta=-0.03
2025-12-05 17:21:21,991 - ptz_service - INFO - PTZ set_zoom camera=camera1, delta=-0.03
2025-12-05 17:21:23,378 - ptz_service - INFO - PTZ continuous_move camera=camera1, x=0.0, y=-1.0, zoom=0.0
2025-12-05 17:21:23,622 - ptz_service - INFO - PTZ stop camera=camera1, azimut=None
2025-12-05 17:21:23,683 - ptz_service - INFO - PTZ continuous_move camera=camera1, x=0.0, y=-1.0, zoom=0.0
2025-12-05 17:21:23,837 - ptz_service - INFO - PTZ stop camera=camera1, azimut=None
2025-12-05 17:21:32,787 - ptz_service - INFO - PTZ continuous_move camera=camera1, x=-1.0, y=0.0, zoom=0.0
2025-12-05 17:21:33,434 - ptz_service - INFO - PTZ stop camera=camera1, azimut=None
2025-12-05 17:21:34,991 - ptz_service - INFO - PTZ continuous_move camera=camera1, x=-1.0, y=0.0, zoom=0.0
2025-12-05 17:21:35,636 - ptz_service - INFO - PTZ stop camera=camera1, azimut=None
2025-12-05 17:21:39,950 - ptz_service - INFO - PTZ continuous_move camera=camera1, x=1.0, y=0.0, zoom=0.0
2025-12-05 17:21:40,039 - ptz_service - INFO - PTZ stop camera=camera1, azimut=None
2025-12-05 17:21:40,104 - ptz_service - INFO - PTZ continuous_move camera=camera1, x=1.0, y=0.0, zoom=0.0
2025-12-05 17:21:40,266 - ptz_service - INFO - PTZ stop camera=camera1, azimut=None
2025-12-05 17:21:42,761 - ptz_service - INFO - PTZ continuous_move camera=camera1, x=-1.0, y=0.0, zoom=0.0
2025-12-05 17:21:43,100 - ptz_service - INFO - PTZ stop camera=camera1, azimut=None
2025-12-05 17:21:43,162 - ptz_service - INFO - PTZ continuous_move camera=camera1, x=-1.0, y=0.0, zoom=0.0
2025-12-05 17:21:43,322 - ptz_service - INFO - PTZ stop camera=camera1, azimut=None
2025-12-05 17:21:45,990 - ptz_service - INFO - PTZ continuous_move camera=camera1, x=0.0, y=-1.0, zoom=0.0
2025-12-05 17:21:46,430 - ptz_service - INFO - PTZ stop camera=camera1, azimut=None
2025-12-05 17:21:48,688 - ptz_service - INFO - PTZ continuous_move camera=camera1, x=-1.0, y=0.0, zoom=0.0
2025-12-05 17:21:49,055 - ptz_service - INFO - PTZ stop camera=camera1, azimut=None
2025-12-05 17:21:49,116 - ptz_service - INFO - PTZ continuous_move camera=camera1, x=-1.0, y=0.0, zoom=0.0
2025-12-05 17:21:49,277 - ptz_service - INFO - PTZ stop camera=camera1, azimut=None
2025-12-05 17:26:01,056 - ptz_service - INFO - PTZ continuous_move camera=camera1, x=0.0, y=-1.0, zoom=0.0
2025-12-05 17:26:01,504 - ptz_service - INFO - PTZ stop camera=camera1, azimut=None
2025-12-05 17:26:03,730 - ptz_service - INFO - PTZ continuous_move camera=camera1, x=0.0, y=1.0, zoom=0.0
2025-12-05 17:26:04,049 - ptz_service - INFO - PTZ stop camera=camera1, azimut=None
2025-12-05 17:26:04,117 - ptz_service - INFO - PTZ continuous_move camera=camera1, x=0.0, y=1.0, zoom=0.0
2025-12-05 17:26:04,264 - ptz_service - INFO - PTZ stop camera=camera1, azimut=None
2025-12-05 17:26:06,124 - ptz_service - INFO - PTZ continuous_move camera=camera1, x=0.0, y=1.0, zoom=0.0
2025-12-05 17:26:06,468 - ptz_service - INFO - PTZ stop camera=camera1, azimut=None
2025-12-05 17:26:06,535 - ptz_service - INFO - PTZ continuous_move camera=camera1, x=0.0, y=1.0, zoom=0.0
2025-12-05 17:26:06,699 - ptz_service - INFO - PTZ stop camera=camera1, azimut=None
2025-12-05 17:51:08,967 - ptz_service - INFO - PTZ continuous_move camera=camera1, x=-1.0, y=0.0, zoom=0.0
2025-12-05 17:51:09,935 - ptz_service - INFO - PTZ stop camera=camera1, azimut=None
2025-12-05 17:51:14,975 - ptz_service - INFO - PTZ continuous_move camera=camera1, x=-1.0, y=0.0, zoom=0.0
2025-12-05 17:51:18,002 - ptz_service - INFO - PTZ stop camera=camera1, azimut=None
2025-12-05 17:53:25,789 - ptz_service - INFO - PTZ continuous_move camera=camera1, x=-1.0, y=0.0, zoom=0.0
2025-12-05 17:53:26,454 - ptz_service - INFO - PTZ stop camera=camera1, azimut=None
2025-12-05 17:53:27,244 - ptz_service - INFO - PTZ continuous_move camera=camera1, x=0.0, y=-1.0, zoom=0.0
2025-12-05 17:53:27,492 - ptz_service - INFO - PTZ stop camera=camera1, azimut=None
2025-12-05 17:53:55,791 - ptz_service - INFO - PTZ continuous_move camera=camera1, x=-1.0, y=0.0, zoom=0.0
2025-12-05 17:53:56,245 - ptz_service - INFO - PTZ stop camera=camera1, azimut=None
2025-12-05 17:53:56,998 - ptz_service - INFO - PTZ continuous_move camera=camera1, x=-1.0, y=0.0, zoom=0.0
2025-12-05 17:53:58,159 - ptz_service - INFO - PTZ stop camera=camera1, azimut=None
2025-12-05 17:53:58,454 - ptz_service - INFO - PTZ continuous_move camera=camera1, x=0.0, y=-1.0, zoom=0.0
2025-12-05 17:53:59,245 - ptz_service - INFO - PTZ stop camera=camera1, azimut=None
2025-12-05 17:54:00,855 - ptz_service - INFO - PTZ continuous_move camera=camera1, x=0.0, y=-1.0, zoom=0.0
2025-12-05 17:54:01,692 - ptz_service - INFO - PTZ stop camera=camera1, azimut=None
2025-12-05 17:54:03,414 - ptz_service - INFO - PTZ continuous_move camera=camera1, x=0.0, y=-1.0, zoom=0.0
2025-12-05 17:54:03,866 - ptz_service - INFO - PTZ stop camera=camera1, azimut=None
2025-12-05 17:54:05,524 - ptz_service - INFO - PTZ continuous_move camera=camera1, x=-1.0, y=0.0, zoom=0.0
2025-12-05 17:54:06,302 - ptz_service - INFO - PTZ stop camera=camera1, azimut=None
2025-12-05 17:54:08,010 - ptz_service - INFO - PTZ continuous_move camera=camera1, x=-1.0, y=0.0, zoom=0.0
2025-12-05 17:54:09,495 - ptz_service - INFO - PTZ stop camera=camera1, azimut=None
2025-12-05 17:54:11,884 - ptz_service - INFO - PTZ continuous_move camera=camera1, x=1.0, y=0.0, zoom=0.0
2025-12-05 17:54:12,576 - ptz_service - INFO - PTZ stop camera=camera1, azimut=None
2025-12-05 17:54:14,909 - ptz_service - INFO - PTZ continuous_move camera=camera1, x=1.0, y=0.0, zoom=0.0
2025-12-05 17:54:15,111 - ptz_service - INFO - PTZ stop camera=camera1, azimut=None
2025-12-05 17:54:16,140 - ptz_service - INFO - PTZ continuous_move camera=camera1, x=0.0, y=1.0, zoom=0.0
2025-12-05 17:54:16,662 - ptz_service - INFO - PTZ stop camera=camera1, azimut=None
2025-12-05 17:54:19,387 - ptz_service - INFO - PTZ set_zoom camera=camera1, delta=0.03
2025-12-05 17:54:19,530 - ptz_service - INFO - PTZ set_zoom camera=camera1, delta=0.03
2025-12-05 17:54:19,641 - ptz_service - INFO - PTZ set_zoom camera=camera1, delta=0.03
2025-12-05 17:54:19,881 - ptz_service - INFO - PTZ set_zoom camera=camera1, delta=0.03
2025-12-05 17:54:20,008 - ptz_service - INFO - PTZ set_zoom camera=camera1, delta=0.03
2025-12-05 17:54:20,150 - ptz_service - INFO - PTZ set_zoom camera=camera1, delta=0.03
2025-12-05 17:54:20,294 - ptz_service - INFO - PTZ set_zoom camera=camera1, delta=0.03
2025-12-05 17:54:20,420 - ptz_service - INFO - PTZ set_zoom camera=camera1, delta=0.03
2025-12-05 17:54:20,550 - ptz_service - INFO - PTZ set_zoom camera=camera1, delta=0.03
2025-12-05 17:54:20,711 - ptz_service - INFO - PTZ set_zoom camera=camera1, delta=0.03
2025-12-05 17:54:20,855 - ptz_service - INFO - PTZ set_zoom camera=camera1, delta=0.03
2025-12-05 17:54:21,205 - ptz_service - INFO - PTZ set_zoom camera=camera1, delta=0.03
2025-12-05 17:54:21,330 - ptz_service - INFO - PTZ set_zoom camera=camera1, delta=0.03
2025-12-05 17:54:21,472 - ptz_service - INFO - PTZ set_zoom camera=camera1, delta=0.03
2025-12-05 17:54:21,616 - ptz_service - INFO - PTZ set_zoom camera=camera1, delta=0.03
2025-12-05 17:54:21,760 - ptz_service - INFO - PTZ set_zoom camera=camera1, delta=0.03
2025-12-05 17:54:21,901 - ptz_service - INFO - PTZ set_zoom camera=camera1, delta=0.03
2025-12-05 17:54:22,028 - ptz_service - INFO - PTZ set_zoom camera=camera1, delta=0.03
2025-12-05 17:54:22,185 - ptz_service - INFO - PTZ set_zoom camera=camera1, delta=0.03
2025-12-05 17:54:22,325 - ptz_service - INFO - PTZ set_zoom camera=camera1, delta=0.03
2025-12-05 17:54:22,465 - ptz_service - INFO - PTZ set_zoom camera=camera1, delta=0.03
2025-12-05 17:54:22,642 - ptz_service - INFO - PTZ set_zoom camera=camera1, delta=0.03
2025-12-05 17:54:22,785 - ptz_service - INFO - PTZ set_zoom camera=camera1, delta=0.03
2025-12-05 17:54:22,926 - ptz_service - INFO - PTZ set_zoom camera=camera1, delta=0.03
2025-12-05 17:54:23,258 - ptz_service - INFO - PTZ set_zoom camera=camera1, delta=0.03
2025-12-05 17:54:23,399 - ptz_service - INFO - PTZ set_zoom camera=camera1, delta=0.03
2025-12-05 17:54:23,530 - ptz_service - INFO - PTZ set_zoom camera=camera1, delta=0.03
2025-12-05 17:54:23,673 - ptz_service - INFO - PTZ set_zoom camera=camera1, delta=0.03
2025-12-05 17:54:23,801 - ptz_service - INFO - PTZ set_zoom camera=camera1, delta=0.03
2025-12-05 17:54:23,945 - ptz_service - INFO - PTZ set_zoom camera=camera1, delta=0.03
2025-12-05 17:54:24,070 - ptz_service - INFO - PTZ set_zoom camera=camera1, delta=0.03
2025-12-05 17:54:24,230 - ptz_service - INFO - PTZ set_zoom camera=camera1, delta=0.03
2025-12-05 17:54:25,188 - ptz_service - INFO - PTZ set_zoom camera=camera1, delta=0.03
2025-12-05 17:54:25,316 - ptz_service - INFO - PTZ set_zoom camera=camera1, delta=0.03
2025-12-05 17:54:25,443 - ptz_service - INFO - PTZ set_zoom camera=camera1, delta=0.03
2025-12-05 17:54:25,572 - ptz_service - INFO - PTZ set_zoom camera=camera1, delta=0.03
2025-12-05 17:54:25,778 - ptz_service - INFO - PTZ set_zoom camera=camera1, delta=0.03
2025-12-05 17:54:25,905 - ptz_service - INFO - PTZ set_zoom camera=camera1, delta=0.03
2025-12-05 17:54:26,066 - ptz_service - INFO - PTZ set_zoom camera=camera1, delta=0.03
2025-12-05 17:54:26,195 - ptz_service - INFO - PTZ set_zoom camera=camera1, delta=0.03
2025-12-05 17:54:26,357 - ptz_service - INFO - PTZ set_zoom camera=camera1, delta=0.03
2025-12-05 17:54:26,437 - ptz_service - INFO - PTZ set_zoom camera=camera1, delta=0.03
2025-12-05 17:54:26,568 - ptz_service - INFO - PTZ set_zoom camera=camera1, delta=0.03
2025-12-05 17:54:26,694 - ptz_service - INFO - PTZ set_zoom camera=camera1, delta=0.03
2025-12-05 17:54:26,821 - ptz_service - INFO - PTZ set_zoom camera=camera1, delta=0.03
2025-12-05 17:54:26,932 - ptz_service - INFO - PTZ set_zoom camera=camera1, delta=0.03
2025-12-05 17:54:27,058 - ptz_service - INFO - PTZ set_zoom camera=camera1, delta=0.03
2025-12-05 17:54:27,201 - ptz_service - INFO - PTZ set_zoom camera=camera1, delta=0.03
2025-12-05 17:54:27,328 - ptz_service - INFO - PTZ set_zoom camera=camera1, delta=0.03
2025-12-05 17:54:27,454 - ptz_service - INFO - PTZ set_zoom camera=camera1, delta=0.03
2025-12-05 17:54:27,582 - ptz_service - INFO - PTZ set_zoom camera=camera1, delta=0.03
2025-12-05 17:54:27,710 - ptz_service - INFO - PTZ set_zoom camera=camera1, delta=0.03
2025-12-05 17:54:27,899 - ptz_service - INFO - PTZ set_zoom camera=camera1, delta=0.03
2025-12-05 17:54:28,122 - ptz_service - INFO - PTZ set_zoom camera=camera1, delta=0.03
2025-12-05 17:54:28,345 - ptz_service - INFO - PTZ set_zoom camera=camera1, delta=0.03
2025-12-05 17:54:29,031 - ptz_service - INFO - PTZ set_zoom camera=camera1, delta=0.03
2025-12-05 17:54:29,173 - ptz_service - INFO - PTZ set_zoom camera=camera1, delta=0.03
2025-12-05 17:54:29,316 - ptz_service - INFO - PTZ set_zoom camera=camera1, delta=0.03
2025-12-05 17:54:29,458 - ptz_service - INFO - PTZ set_zoom camera=camera1, delta=0.03
2025-12-05 17:54:29,600 - ptz_service - INFO - PTZ set_zoom camera=camera1, delta=0.03
2025-12-05 17:54:29,712 - ptz_service - INFO - PTZ set_zoom camera=camera1, delta=0.03
2025-12-05 17:54:29,886 - ptz_service - INFO - PTZ set_zoom camera=camera1, delta=0.03
2025-12-05 17:54:29,998 - ptz_service - INFO - PTZ set_zoom camera=camera1, delta=0.03
2025-12-05 17:54:30,143 - ptz_service - INFO - PTZ set_zoom camera=camera1, delta=0.03
2025-12-05 17:54:30,271 - ptz_service - INFO - PTZ set_zoom camera=camera1, delta=0.03
2025-12-05 17:54:30,411 - ptz_service - INFO - PTZ set_zoom camera=camera1, delta=0.03
2025-12-05 17:54:30,569 - ptz_service - INFO - PTZ set_zoom camera=camera1, delta=0.03
2025-12-05 17:54:30,695 - ptz_service - INFO - PTZ set_zoom camera=camera1, delta=0.03
2025-12-05 17:54:30,839 - ptz_service - INFO - PTZ set_zoom camera=camera1, delta=0.03
2025-12-05 17:54:30,966 - ptz_service - INFO - PTZ set_zoom camera=camera1, delta=0.03
2025-12-05 17:54:31,108 - ptz_service - INFO - PTZ set_zoom camera=camera1, delta=0.03
2025-12-05 17:54:31,220 - ptz_service - INFO - PTZ set_zoom camera=camera1, delta=0.03
2025-12-05 17:54:31,363 - ptz_service - INFO - PTZ set_zoom camera=camera1, delta=0.03
2025-12-05 17:54:31,505 - ptz_service - INFO - PTZ set_zoom camera=camera1, delta=0.03
2025-12-05 17:54:31,647 - ptz_service - INFO - PTZ set_zoom camera=camera1, delta=0.03
2025-12-05 17:54:31,775 - ptz_service - INFO - PTZ set_zoom camera=camera1, delta=0.03
2025-12-05 17:54:31,998 - ptz_service - INFO - PTZ set_zoom camera=camera1, delta=0.03
2025-12-05 17:55:43,650 - ptz_service - INFO - PTZ continuous_move camera=camera1, x=1.0, y=0.0, zoom=0.0
2025-12-05 17:55:44,054 - ptz_service - INFO - PTZ stop camera=camera1, azimut=None
2025-12-05 17:55:45,345 - ptz_service - INFO - PTZ continuous_move camera=camera1, x=1.0, y=0.0, zoom=0.0
2025-12-05 17:55:45,699 - ptz_service - INFO - PTZ stop camera=camera1, azimut=None
2025-12-05 17:55:45,910 - ptz_service - INFO - PTZ continuous_move camera=camera1, x=1.0, y=0.0, zoom=0.0
2025-12-05 17:55:46,135 - ptz_service - INFO - PTZ stop camera=camera1, azimut=None
2025-12-05 17:55:47,670 - ptz_service - INFO - PTZ continuous_move camera=camera1, x=1.0, y=0.0, zoom=0.0
2025-12-05 17:55:48,106 - ptz_service - INFO - PTZ stop camera=camera1, azimut=None
2025-12-05 17:55:57,666 - ptz_service - INFO - PTZ continuous_move camera=camera1, x=-1.0, y=0.0, zoom=0.0
2025-12-05 17:55:57,790 - ptz_service - INFO - PTZ stop camera=camera1, azimut=None
2025-12-05 17:56:00,359 - ptz_service - INFO - PTZ continuous_move camera=camera1, x=0.0, y=-1.0, zoom=0.0
2025-12-05 17:56:00,606 - ptz_service - INFO - PTZ stop camera=camera1, azimut=None
2025-12-05 17:56:02,395 - ptz_service - INFO - PTZ continuous_move camera=camera1, x=0.0, y=-1.0, zoom=0.0
2025-12-05 17:56:02,818 - ptz_service - INFO - PTZ stop camera=camera1, azimut=None
2025-12-05 17:56:04,314 - ptz_service - INFO - PTZ continuous_move camera=camera1, x=-1.0, y=0.0, zoom=0.0
2025-12-05 17:56:04,374 - ptz_service - INFO - PTZ stop camera=camera1, azimut=None
2025-12-05 17:56:04,473 - ptz_service - INFO - PTZ continuous_move camera=camera1, x=-1.0, y=0.0, zoom=0.0
2025-12-05 17:56:04,852 - ptz_service - INFO - PTZ stop camera=camera1, azimut=None
2025-12-05 17:56:05,947 - ptz_service - INFO - PTZ continuous_move camera=camera1, x=0.0, y=1.0, zoom=0.0
2025-12-05 17:56:06,466 - ptz_service - INFO - PTZ stop camera=camera1, azimut=None
2025-12-05 17:56:08,298 - ptz_service - INFO - PTZ continuous_move camera=camera1, x=0.0, y=-1.0, zoom=0.0
2025-12-05 17:56:08,679 - ptz_service - INFO - PTZ stop camera=camera1, azimut=None
2025-12-05 17:56:11,981 - ptz_service - INFO - PTZ set_zoom camera=camera1, delta=-0.03
2025-12-05 17:56:12,109 - ptz_service - INFO - PTZ set_zoom camera=camera1, delta=-0.03
2025-12-05 17:56:13,008 - ptz_service - INFO - PTZ set_zoom camera=camera1, delta=-0.03
2025-12-05 17:56:13,152 - ptz_service - INFO - PTZ set_zoom camera=camera1, delta=-0.03
2025-12-05 17:56:13,277 - ptz_service - INFO - PTZ set_zoom camera=camera1, delta=-0.03
2025-12-05 17:56:13,409 - ptz_service - INFO - PTZ set_zoom camera=camera1, delta=-0.03
2025-12-05 17:56:13,618 - ptz_service - INFO - PTZ set_zoom camera=camera1, delta=-0.03
2025-12-05 17:56:13,747 - ptz_service - INFO - PTZ set_zoom camera=camera1, delta=-0.03
2025-12-05 17:56:13,873 - ptz_service - INFO - PTZ set_zoom camera=camera1, delta=-0.03
2025-12-05 17:56:13,999 - ptz_service - INFO - PTZ set_zoom camera=camera1, delta=-0.03
2025-12-05 17:56:14,125 - ptz_service - INFO - PTZ set_zoom camera=camera1, delta=-0.03
2025-12-05 17:56:14,271 - ptz_service - INFO - PTZ set_zoom camera=camera1, delta=-0.03
2025-12-05 17:56:14,383 - ptz_service - INFO - PTZ set_zoom camera=camera1, delta=-0.03
2025-12-05 17:56:14,573 - ptz_service - INFO - PTZ set_zoom camera=camera1, delta=-0.03
2025-12-05 17:56:14,845 - ptz_service - INFO - PTZ set_zoom camera=camera1, delta=-0.03
2025-12-05 17:56:15,021 - ptz_service - INFO - PTZ set_zoom camera=camera1, delta=-0.03
2025-12-05 17:56:15,166 - ptz_service - INFO - PTZ set_zoom camera=camera1, delta=-0.03
2025-12-05 17:56:15,278 - ptz_service - INFO - PTZ set_zoom camera=camera1, delta=-0.03
2025-12-05 17:56:15,817 - ptz_service - INFO - PTZ set_zoom camera=camera1, delta=-0.03
2025-12-05 17:56:15,945 - ptz_service - INFO - PTZ set_zoom camera=camera1, delta=-0.03
2025-12-05 17:56:16,072 - ptz_service - INFO - PTZ set_zoom camera=camera1, delta=-0.03
2025-12-05 17:56:16,328 - ptz_service - INFO - PTZ set_zoom camera=camera1, delta=-0.03
2025-12-05 17:56:16,456 - ptz_service - INFO - PTZ set_zoom camera=camera1, delta=-0.03
2025-12-05 17:56:16,886 - ptz_service - INFO - PTZ set_zoom camera=camera1, delta=-0.03
2025-12-05 17:56:17,011 - ptz_service - INFO - PTZ set_zoom camera=camera1, delta=-0.03
2025-12-05 17:56:17,140 - ptz_service - INFO - PTZ set_zoom camera=camera1, delta=-0.03
2025-12-05 17:56:17,268 - ptz_service - INFO - PTZ set_zoom camera=camera1, delta=-0.03
2025-12-05 17:56:18,069 - ptz_service - INFO - PTZ set_zoom camera=camera1, delta=-0.03
2025-12-05 17:56:18,258 - ptz_service - INFO - PTZ set_zoom camera=camera1, delta=-0.03
2025-12-05 17:56:18,400 - ptz_service - INFO - PTZ set_zoom camera=camera1, delta=-0.03
2025-12-05 17:56:18,541 - ptz_service - INFO - PTZ set_zoom camera=camera1, delta=-0.03
2025-12-05 17:56:18,670 - ptz_service - INFO - PTZ set_zoom camera=camera1, delta=-0.03
2025-12-05 17:56:18,798 - ptz_service - INFO - PTZ set_zoom camera=camera1, delta=-0.03
2025-12-05 17:56:18,941 - ptz_service - INFO - PTZ set_zoom camera=camera1, delta=-0.03
2025-12-05 17:56:19,067 - ptz_service - INFO - PTZ set_zoom camera=camera1, delta=-0.03
2025-12-05 17:56:19,194 - ptz_service - INFO - PTZ set_zoom camera=camera1, delta=-0.03
2025-12-05 17:56:19,336 - ptz_service - INFO - PTZ set_zoom camera=camera1, delta=-0.03
2025-12-05 17:56:19,449 - ptz_service - INFO - PTZ set_zoom camera=camera1, delta=-0.03
2025-12-05 17:56:19,575 - ptz_service - INFO - PTZ set_zoom camera=camera1, delta=-0.03
2025-12-05 17:56:19,704 - ptz_service - INFO - PTZ set_zoom camera=camera1, delta=-0.03
2025-12-05 17:56:19,829 - ptz_service - INFO - PTZ set_zoom camera=camera1, delta=-0.03
2025-12-05 17:56:19,954 - ptz_service - INFO - PTZ set_zoom camera=camera1, delta=-0.03
2025-12-05 17:56:20,087 - ptz_service - INFO - PTZ set_zoom camera=camera1, delta=-0.03
2025-12-05 17:56:20,212 - ptz_service - INFO - PTZ set_zoom camera=camera1, delta=-0.03
2025-12-05 17:56:20,388 - ptz_service - INFO - PTZ set_zoom camera=camera1, delta=-0.03
2025-12-05 17:56:20,451 - ptz_service - INFO - PTZ set_zoom camera=camera1, delta=-0.03
2025-12-05 17:56:20,607 - ptz_service - INFO - PTZ set_zoom camera=camera1, delta=-0.03
2025-12-05 17:56:20,972 - ptz_service - INFO - PTZ set_zoom camera=camera1, delta=-0.03
2025-12-05 17:56:21,261 - ptz_service - INFO - PTZ set_zoom camera=camera1, delta=-0.03
2025-12-05 17:56:21,263 - ptz_service - INFO - PTZ set_zoom camera=camera1, delta=-0.03
2025-12-05 17:56:21,293 - ptz_service - INFO - PTZ set_zoom camera=camera1, delta=-0.03
2025-12-05 17:56:21,420 - ptz_service - INFO - PTZ set_zoom camera=camera1, delta=-0.03
2025-12-05 17:56:21,560 - ptz_service - INFO - PTZ set_zoom camera=camera1, delta=-0.03
2025-12-05 17:56:21,703 - ptz_service - INFO - PTZ set_zoom camera=camera1, delta=-0.03
2025-12-05 17:56:21,846 - ptz_service - INFO - PTZ set_zoom camera=camera1, delta=-0.03
2025-12-05 17:56:22,068 - ptz_service - INFO - PTZ set_zoom camera=camera1, delta=-0.03
2025-12-05 17:56:22,642 - ptz_service - INFO - PTZ set_zoom camera=camera1, delta=-0.03
2025-12-05 17:56:22,786 - ptz_service - INFO - PTZ set_zoom camera=camera1, delta=-0.03
2025-12-05 17:56:22,947 - ptz_service - INFO - PTZ set_zoom camera=camera1, delta=-0.03
2025-12-05 17:56:23,170 - ptz_service - INFO - PTZ set_zoom camera=camera1, delta=-0.03
2025-12-05 17:56:23,881 - ptz_service - INFO - PTZ set_zoom camera=camera1, delta=-0.03
2025-12-05 17:56:24,037 - ptz_service - INFO - PTZ set_zoom camera=camera1, delta=-0.03
2025-12-05 17:56:24,257 - ptz_service - INFO - PTZ set_zoom camera=camera1, delta=-0.03
2025-12-05 17:56:24,849 - ptz_service - INFO - PTZ set_zoom camera=camera1, delta=-0.03
2025-12-05 17:56:25,039 - ptz_service - INFO - PTZ set_zoom camera=camera1, delta=-0.03
2025-12-05 17:56:25,181 - ptz_service - INFO - PTZ set_zoom camera=camera1, delta=-0.03
2025-12-05 17:56:25,327 - ptz_service - INFO - PTZ set_zoom camera=camera1, delta=-0.03
2025-12-05 17:56:25,516 - ptz_service - INFO - PTZ set_zoom camera=camera1, delta=-0.03
2025-12-05 17:56:25,739 - ptz_service - INFO - PTZ set_zoom camera=camera1, delta=-0.03
2025-12-05 17:57:12,448 - ptz_service - INFO - PTZ continuous_move camera=camera1, x=0.0, y=1.0, zoom=0.0
2025-12-05 17:57:13,258 - ptz_service - INFO - PTZ stop camera=camera1, azimut=None
2025-12-05 17:57:13,983 - ptz_service - INFO - PTZ continuous_move camera=camera1, x=0.0, y=1.0, zoom=0.0
2025-12-05 17:57:15,317 - ptz_service - INFO - PTZ stop camera=camera1, azimut=None
2025-12-05 17:57:15,446 - ptz_service - INFO - PTZ continuous_move camera=camera1, x=0.0, y=1.0, zoom=0.0
2025-12-05 17:57:15,714 - ptz_service - INFO - PTZ stop camera=camera1, azimut=None
2025-12-05 17:57:17,385 - ptz_service - INFO - PTZ continuous_move camera=camera1, x=0.0, y=1.0, zoom=0.0
2025-12-05 17:57:17,990 - ptz_service - INFO - PTZ stop camera=camera1, azimut=None
2025-12-05 17:57:20,150 - ptz_service - INFO - PTZ continuous_move camera=camera1, x=-1.0, y=0.0, zoom=0.0
2025-12-05 17:57:20,714 - ptz_service - INFO - PTZ stop camera=camera1, azimut=None
2025-12-05 17:57:21,694 - ptz_service - INFO - PTZ continuous_move camera=camera1, x=0.0, y=-1.0, zoom=0.0
2025-12-05 17:57:22,146 - ptz_service - INFO - PTZ stop camera=camera1, azimut=None
2025-12-05 17:57:23,684 - ptz_service - INFO - PTZ continuous_move camera=camera1, x=-1.0, y=0.0, zoom=0.0
2025-12-05 17:57:24,403 - ptz_service - INFO - PTZ stop camera=camera1, azimut=None
2025-12-05 17:57:25,953 - ptz_service - INFO - PTZ continuous_move camera=camera1, x=-1.0, y=0.0, zoom=0.0
2025-12-05 17:57:26,550 - ptz_service - INFO - PTZ stop camera=camera1, azimut=None
2025-12-05 17:57:35,015 - ptz_service - INFO - PTZ continuous_move camera=camera1, x=0.0, y=1.0, zoom=0.0
2025-12-05 17:57:35,253 - ptz_service - INFO - PTZ stop camera=camera1, azimut=None
2025-12-05 17:57:35,644 - ptz_service - INFO - PTZ continuous_move camera=camera1, x=0.0, y=1.0, zoom=0.0
2025-12-05 17:57:36,325 - ptz_service - INFO - PTZ stop camera=camera1, azimut=None
2025-12-05 17:57:36,789 - ptz_service - INFO - PTZ continuous_move camera=camera1, x=0.0, y=1.0, zoom=0.0
2025-12-05 17:57:37,153 - ptz_service - INFO - PTZ stop camera=camera1, azimut=None
2025-12-05 17:57:39,762 - ptz_service - INFO - PTZ continuous_move camera=camera1, x=0.0, y=-1.0, zoom=0.0
2025-12-05 17:57:40,160 - ptz_service - INFO - PTZ stop camera=camera1, azimut=None
2025-12-05 17:58:52,215 - ptz_service - INFO - PTZ continuous_move camera=camera1, x=0.0, y=1.0, zoom=0.0
2025-12-05 17:58:52,707 - ptz_service - INFO - PTZ stop camera=camera1, azimut=None
2025-12-05 17:58:54,842 - ptz_service - INFO - PTZ continuous_move camera=camera1, x=0.0, y=1.0, zoom=0.0
2025-12-05 17:58:55,303 - ptz_service - INFO - PTZ stop camera=camera1, azimut=None
2025-12-05 17:58:55,917 - ptz_service - INFO - PTZ continuous_move camera=camera1, x=0.0, y=1.0, zoom=0.0
2025-12-05 17:58:56,366 - ptz_service - INFO - PTZ stop camera=camera1, azimut=None
2025-12-05 17:58:57,286 - ptz_service - INFO - PTZ continuous_move camera=camera1, x=0.0, y=1.0, zoom=0.0
2025-12-05 17:58:57,500 - ptz_service - INFO - PTZ stop camera=camera1, azimut=None
2025-12-05 17:58:58,810 - ptz_service - INFO - PTZ set_zoom camera=camera1, delta=-0.03
2025-12-05 17:58:58,938 - ptz_service - INFO - PTZ set_zoom camera=camera1, delta=-0.03
2025-12-05 17:58:59,066 - ptz_service - INFO - PTZ set_zoom camera=camera1, delta=-0.03
2025-12-05 17:58:59,177 - ptz_service - INFO - PTZ set_zoom camera=camera1, delta=-0.03
2025-12-05 17:58:59,287 - ptz_service - INFO - PTZ set_zoom camera=camera1, delta=-0.03
2025-12-05 17:58:59,526 - ptz_service - INFO - PTZ set_zoom camera=camera1, delta=-0.03
2025-12-05 17:58:59,622 - ptz_service - INFO - PTZ set_zoom camera=camera1, delta=-0.03
2025-12-05 17:58:59,720 - ptz_service - INFO - PTZ set_zoom camera=camera1, delta=-0.03
2025-12-05 17:59:04,444 - ptz_service - INFO - PTZ set_zoom camera=camera1, delta=-0.03
2025-12-05 17:59:04,585 - ptz_service - INFO - PTZ set_zoom camera=camera1, delta=-0.03
2025-12-05 17:59:04,711 - ptz_service - INFO - PTZ set_zoom camera=camera1, delta=-0.03
2025-12-05 17:59:04,851 - ptz_service - INFO - PTZ set_zoom camera=camera1, delta=-0.03
2025-12-05 17:59:04,981 - ptz_service - INFO - PTZ set_zoom camera=camera1, delta=-0.03
2025-12-05 17:59:05,171 - ptz_service - INFO - PTZ set_zoom camera=camera1, delta=-0.03
2025-12-05 17:59:05,249 - ptz_service - INFO - PTZ set_zoom camera=camera1, delta=-0.03
2025-12-05 17:59:05,620 - ptz_service - INFO - PTZ set_zoom camera=camera1, delta=-0.03
2025-12-05 17:59:05,761 - ptz_service - INFO - PTZ set_zoom camera=camera1, delta=-0.03
2025-12-05 17:59:05,873 - ptz_service - INFO - PTZ set_zoom camera=camera1, delta=-0.03
2025-12-05 17:59:06,046 - ptz_service - INFO - PTZ set_zoom camera=camera1, delta=-0.03
2025-12-05 17:59:06,171 - ptz_service - INFO - PTZ set_zoom camera=camera1, delta=-0.03
2025-12-05 17:59:06,266 - ptz_service - INFO - PTZ set_zoom camera=camera1, delta=-0.03
2025-12-05 17:59:06,553 - ptz_service - INFO - PTZ set_zoom camera=camera1, delta=-0.03
2025-12-05 17:59:06,821 - ptz_service - INFO - PTZ set_zoom camera=camera1, delta=-0.03
2025-12-05 17:59:06,994 - ptz_service - INFO - PTZ set_zoom camera=camera1, delta=-0.03
2025-12-05 17:59:07,135 - ptz_service - INFO - PTZ set_zoom camera=camera1, delta=-0.03
2025-12-05 17:59:10,921 - ptz_service - INFO - PTZ set_zoom camera=camera1, delta=-0.03
2025-12-05 17:59:11,078 - ptz_service - INFO - PTZ set_zoom camera=camera1, delta=-0.03
2025-12-05 17:59:11,221 - ptz_service - INFO - PTZ set_zoom camera=camera1, delta=-0.03
2025-12-05 17:59:11,491 - ptz_service - INFO - PTZ set_zoom camera=camera1, delta=-0.03
2025-12-05 17:59:11,633 - ptz_service - INFO - PTZ set_zoom camera=camera1, delta=-0.03
2025-12-05 17:59:13,365 - ptz_service - INFO - PTZ continuous_move camera=camera1, x=-1.0, y=0.0, zoom=0.0
2025-12-05 17:59:13,434 - ptz_service - INFO - PTZ stop camera=camera1, azimut=None
2025-12-05 17:59:13,492 - ptz_service - INFO - PTZ continuous_move camera=camera1, x=-1.0, y=0.0, zoom=0.0
2025-12-05 17:59:14,378 - ptz_service - INFO - PTZ stop camera=camera1, azimut=None
2025-12-05 17:59:15,317 - ptz_service - INFO - PTZ continuous_move camera=camera1, x=-1.0, y=0.0, zoom=0.0
2025-12-05 17:59:15,438 - ptz_service - INFO - PTZ stop camera=camera1, azimut=None
2025-12-05 17:59:15,589 - ptz_service - INFO - PTZ continuous_move camera=camera1, x=-1.0, y=0.0, zoom=0.0
2025-12-05 17:59:17,109 - ptz_service - INFO - PTZ stop camera=camera1, azimut=None
2025-12-05 17:59:20,823 - ptz_service - INFO - PTZ continuous_move camera=camera1, x=-1.0, y=0.0, zoom=0.0
2025-12-05 17:59:22,067 - ptz_service - INFO - PTZ stop camera=camera1, azimut=None
2025-12-05 17:59:53,443 - ptz_service - INFO - PTZ continuous_move camera=camera1, x=-1.0, y=0.0, zoom=0.0
2025-12-05 17:59:55,705 - ptz_service - INFO - PTZ stop camera=camera1, azimut=None
2025-12-05 17:59:55,775 - ptz_service - INFO - PTZ continuous_move camera=camera1, x=-1.0, y=0.0, zoom=0.0
2025-12-05 17:59:56,279 - ptz_service - INFO - PTZ stop camera=camera1, azimut=None
2025-12-05 17:59:56,326 - ptz_service - INFO - PTZ continuous_move camera=camera1, x=-1.0, y=0.0, zoom=0.0
2025-12-05 17:59:57,107 - ptz_service - INFO - PTZ stop camera=camera1, azimut=None
2025-12-05 17:59:57,164 - ptz_service - INFO - PTZ continuous_move camera=camera1, x=-1.0, y=0.0, zoom=0.0
2025-12-05 17:59:57,841 - ptz_service - INFO - PTZ stop camera=camera1, azimut=None
2025-12-05 17:59:57,929 - ptz_service - INFO - PTZ continuous_move camera=camera1, x=-1.0, y=0.0, zoom=0.0
2025-12-05 17:59:58,037 - ptz_service - INFO - PTZ stop camera=camera1, azimut=None
2025-12-05 17:59:58,075 - ptz_service - INFO - PTZ continuous_move camera=camera1, x=-1.0, y=0.0, zoom=0.0
2025-12-05 17:59:58,174 - ptz_service - INFO - PTZ stop camera=camera1, azimut=None
2025-12-05 17:59:58,211 - ptz_service - INFO - PTZ continuous_move camera=camera1, x=-1.0, y=0.0, zoom=0.0
2025-12-05 17:59:58,668 - ptz_service - INFO - PTZ stop camera=camera1, azimut=None
2025-12-05 18:00:03,141 - ptz_service - INFO - PTZ continuous_move camera=camera1, x=0.0, y=1.0, zoom=0.0
2025-12-05 18:00:04,092 - ptz_service - INFO - PTZ stop camera=camera1, azimut=None
2025-12-05 18:00:13,540 - ptz_service - INFO - PTZ continuous_move camera=camera1, x=0.0, y=1.0, zoom=0.0
2025-12-05 18:00:14,483 - ptz_service - INFO - PTZ stop camera=camera1, azimut=None
2025-12-05 18:00:25,363 - ptz_service - INFO - PTZ continuous_move camera=camera1, x=0.0, y=-1.0, zoom=0.0
2025-12-05 18:00:25,668 - ptz_service - INFO - PTZ stop camera=camera1, azimut=None
2025-12-05 18:00:27,205 - ptz_service - INFO - PTZ continuous_move camera=camera1, x=0.0, y=-1.0, zoom=0.0
2025-12-05 18:00:27,667 - ptz_service - INFO - PTZ stop camera=camera1, azimut=None
2025-12-05 18:00:28,606 - ptz_service - INFO - PTZ continuous_move camera=camera1, x=0.0, y=-1.0, zoom=0.0
2025-12-05 18:00:28,963 - ptz_service - INFO - PTZ stop camera=camera1, azimut=None
2025-12-05 18:00:48,661 - ptz_service - INFO - PTZ continuous_move camera=camera1, x=0.0, y=1.0, zoom=0.0
2025-12-05 18:00:49,168 - ptz_service - INFO - PTZ stop camera=camera1, azimut=None
2025-12-05 18:00:51,024 - ptz_service - INFO - PTZ continuous_move camera=camera1, x=0.0, y=1.0, zoom=0.0
2025-12-05 18:00:51,224 - ptz_service - INFO - PTZ stop camera=camera1, azimut=None
2025-12-05 18:00:55,572 - ptz_service - INFO - PTZ continuous_move camera=camera1, x=0.0, y=-1.0, zoom=0.0
2025-12-05 18:00:56,021 - ptz_service - INFO - PTZ stop camera=camera1, azimut=None
2025-12-05 18:01:06,306 - ptz_service - INFO - PTZ set_zoom camera=camera1, delta=-0.03
2025-12-05 18:01:06,432 - ptz_service - INFO - PTZ set_zoom camera=camera1, delta=-0.03
2025-12-05 18:01:06,667 - ptz_service - INFO - PTZ set_zoom camera=camera1, delta=-0.03
2025-12-05 18:01:06,809 - ptz_service - INFO - PTZ set_zoom camera=camera1, delta=-0.03
2025-12-05 18:01:06,955 - ptz_service - INFO - PTZ set_zoom camera=camera1, delta=-0.03
2025-12-05 18:01:07,020 - ptz_service - INFO - PTZ set_zoom camera=camera1, delta=-0.03
2025-12-05 18:01:07,295 - ptz_service - INFO - PTZ set_zoom camera=camera1, delta=-0.03
2025-12-05 18:02:08,558 - ptz_service - INFO - PTZ continuous_move camera=camera1, x=-1.0, y=0.0, zoom=0.0
2025-12-05 18:02:11,756 - ptz_service - INFO - PTZ stop camera=camera1, azimut=None
2025-12-05 18:02:13,123 - ptz_service - INFO - PTZ continuous_move camera=camera1, x=0.0, y=-1.0, zoom=0.0
2025-12-05 18:02:13,322 - ptz_service - INFO - PTZ stop camera=camera1, azimut=None
2025-12-05 18:02:13,441 - ptz_service - INFO - PTZ continuous_move camera=camera1, x=0.0, y=-1.0, zoom=0.0
2025-12-05 18:02:14,098 - ptz_service - INFO - PTZ stop camera=camera1, azimut=None
2025-12-05 18:02:14,328 - ptz_service - INFO - PTZ continuous_move camera=camera1, x=0.0, y=-1.0, zoom=0.0
2025-12-05 18:02:14,740 - ptz_service - INFO - PTZ stop camera=camera1, azimut=None
2025-12-05 18:02:15,093 - ptz_service - INFO - PTZ continuous_move camera=camera1, x=0.0, y=-1.0, zoom=0.0
2025-12-05 18:02:15,338 - ptz_service - INFO - PTZ stop camera=camera1, azimut=None
2025-12-05 18:02:16,546 - ptz_service - INFO - PTZ continuous_move camera=camera1, x=-1.0, y=0.0, zoom=0.0
2025-12-05 18:02:17,025 - ptz_service - INFO - PTZ stop camera=camera1, azimut=None
2025-12-05 18:02:17,167 - ptz_service - INFO - PTZ continuous_move camera=camera1, x=-1.0, y=0.0, zoom=0.0
2025-12-05 18:02:17,774 - ptz_service - INFO - PTZ stop camera=camera1, azimut=None
2025-12-05 18:02:18,800 - ptz_service - INFO - PTZ continuous_move camera=camera1, x=-1.0, y=0.0, zoom=0.0
2025-12-05 18:02:19,295 - ptz_service - INFO - PTZ stop camera=camera1, azimut=None
2025-12-05 18:02:20,295 - ptz_service - INFO - PTZ continuous_move camera=camera1, x=-1.0, y=0.0, zoom=0.0
2025-12-05 18:02:20,888 - ptz_service - INFO - PTZ stop camera=camera1, azimut=None
2025-12-05 18:02:23,231 - ptz_service - INFO - PTZ continuous_move camera=camera1, x=1.0, y=0.0, zoom=0.0
2025-12-05 18:02:23,699 - ptz_service - INFO - PTZ stop camera=camera1, azimut=None
2025-12-05 18:02:24,534 - ptz_service - INFO - PTZ continuous_move camera=camera1, x=1.0, y=0.0, zoom=0.0
2025-12-05 18:02:24,631 - ptz_service - INFO - PTZ stop camera=camera1, azimut=None
2025-12-05 18:02:26,409 - ptz_service - INFO - PTZ continuous_move camera=camera1, x=0.0, y=1.0, zoom=0.0
2025-12-05 18:02:26,617 - ptz_service - INFO - PTZ stop camera=camera1, azimut=None
2025-12-05 18:02:27,158 - ptz_service - INFO - PTZ continuous_move camera=camera1, x=0.0, y=1.0, zoom=0.0
2025-12-05 18:02:27,741 - ptz_service - INFO - PTZ stop camera=camera1, azimut=None
2025-12-05 18:02:28,190 - ptz_service - INFO - PTZ continuous_move camera=camera1, x=0.0, y=1.0, zoom=0.0
2025-12-05 18:02:28,756 - ptz_service - INFO - PTZ stop camera=camera1, azimut=None
2025-12-05 18:02:29,901 - ptz_service - INFO - PTZ continuous_move camera=camera1, x=0.0, y=-1.0, zoom=0.0
2025-12-05 18:02:30,688 - ptz_service - INFO - PTZ stop camera=camera1, azimut=None
2025-12-05 18:02:31,894 - ptz_service - INFO - PTZ continuous_move camera=camera1, x=-1.0, y=0.0, zoom=0.0
2025-12-05 18:02:32,643 - ptz_service - INFO - PTZ stop camera=camera1, azimut=None
2025-12-05 18:02:34,180 - ptz_service - INFO - PTZ continuous_move camera=camera1, x=-1.0, y=0.0, zoom=0.0
2025-12-05 18:02:34,947 - ptz_service - INFO - PTZ stop camera=camera1, azimut=None
2025-12-05 18:02:37,770 - ptz_service - INFO - PTZ continuous_move camera=camera1, x=1.0, y=0.0, zoom=0.0
2025-12-05 18:02:38,732 - ptz_service - INFO - PTZ stop camera=camera1, azimut=None
2025-12-05 18:02:39,254 - ptz_service - INFO - PTZ continuous_move camera=camera1, x=1.0, y=0.0, zoom=0.0
2025-12-05 18:02:40,172 - ptz_service - INFO - PTZ stop camera=camera1, azimut=None
2025-12-05 18:02:42,161 - ptz_service - INFO - PTZ continuous_move camera=camera1, x=-1.0, y=0.0, zoom=0.0
2025-12-05 18:02:43,123 - ptz_service - INFO - PTZ stop camera=camera1, azimut=None
2025-12-05 18:02:44,719 - ptz_service - INFO - PTZ continuous_move camera=camera1, x=-1.0, y=0.0, zoom=0.0
2025-12-05 18:02:44,985 - ptz_service - INFO - PTZ stop camera=camera1, azimut=None
2025-12-05 18:02:45,622 - ptz_service - INFO - PTZ continuous_move camera=camera1, x=-1.0, y=0.0, zoom=0.0
2025-12-05 18:02:45,732 - ptz_service - INFO - PTZ stop camera=camera1, azimut=None
2025-12-05 18:02:46,086 - ptz_service - INFO - PTZ continuous_move camera=camera1, x=-1.0, y=0.0, zoom=0.0
2025-12-05 18:02:46,416 - ptz_service - INFO - PTZ stop camera=camera1, azimut=None
2025-12-05 18:02:46,586 - ptz_service - INFO - PTZ continuous_move camera=camera1, x=-1.0, y=0.0, zoom=0.0
2025-12-05 18:02:46,695 - ptz_service - INFO - PTZ stop camera=camera1, azimut=None
2025-12-05 18:02:46,917 - ptz_service - INFO - PTZ continuous_move camera=camera1, x=-1.0, y=0.0, zoom=0.0
2025-12-05 18:02:47,048 - ptz_service - INFO - PTZ stop camera=camera1, azimut=None
2025-12-05 18:02:47,225 - ptz_service - INFO - PTZ continuous_move camera=camera1, x=-1.0, y=0.0, zoom=0.0
2025-12-05 18:02:47,412 - ptz_service - INFO - PTZ stop camera=camera1, azimut=None
2025-12-05 18:02:47,518 - ptz_service - INFO - PTZ continuous_move camera=camera1, x=-1.0, y=0.0, zoom=0.0
2025-12-05 18:02:47,775 - ptz_service - INFO - PTZ stop camera=camera1, azimut=None
2025-12-05 18:02:48,073 - ptz_service - INFO - PTZ continuous_move camera=camera1, x=-1.0, y=0.0, zoom=0.0
2025-12-05 18:02:48,269 - ptz_service - INFO - PTZ stop camera=camera1, azimut=None
2025-12-05 18:02:48,403 - ptz_service - INFO - PTZ continuous_move camera=camera1, x=-1.0, y=0.0, zoom=0.0
2025-12-05 18:02:49,446 - ptz_service - INFO - PTZ stop camera=camera1, azimut=None
2025-12-05 18:02:52,350 - ptz_service - INFO - PTZ continuous_move camera=camera1, x=1.0, y=0.0, zoom=0.0
2025-12-05 18:02:53,092 - ptz_service - INFO - PTZ stop camera=camera1, azimut=None
2025-12-05 18:02:55,667 - ptz_service - INFO - PTZ continuous_move camera=camera1, x=1.0, y=0.0, zoom=0.0
2025-12-05 18:02:56,343 - ptz_service - INFO - PTZ stop camera=camera1, azimut=None
2025-12-05 18:02:56,661 - ptz_service - INFO - PTZ continuous_move camera=camera1, x=1.0, y=0.0, zoom=0.0
2025-12-05 18:02:56,913 - ptz_service - INFO - PTZ stop camera=camera1, azimut=None
2025-12-05 18:07:33,264 - ptz_service - INFO - PTZ continuous_move camera=camera1, x=1.0, y=0.0, zoom=0.0
2025-12-05 18:07:35,227 - ptz_service - INFO - PTZ stop camera=camera1, azimut=None
2025-12-05 18:07:42,574 - ptz_service - INFO - PTZ continuous_move camera=camera1, x=0.0, y=1.0, zoom=0.0
2025-12-05 18:07:43,357 - ptz_service - INFO - PTZ stop camera=camera1, azimut=None
2025-12-05 18:08:03,050 - ptz_service - INFO - PTZ continuous_move camera=camera1, x=0.0, y=1.0, zoom=0.0
2025-12-05 18:08:03,977 - ptz_service - INFO - PTZ stop camera=camera1, azimut=None
2025-12-05 18:08:33,384 - ptz_service - INFO - PTZ continuous_move camera=camera1, x=-1.0, y=0.0, zoom=0.0
2025-12-05 18:08:34,351 - ptz_service - INFO - PTZ stop camera=camera1, azimut=None
2025-12-05 18:08:35,831 - ptz_service - INFO - PTZ continuous_move camera=camera1, x=-1.0, y=0.0, zoom=0.0
2025-12-05 18:08:37,414 - ptz_service - INFO - PTZ stop camera=camera1, azimut=None
2025-12-05 18:08:37,615 - ptz_service - INFO - PTZ continuous_move camera=camera1, x=-1.0, y=0.0, zoom=0.0
2025-12-05 18:08:37,994 - ptz_service - INFO - PTZ stop camera=camera1, azimut=None
2025-12-05 18:08:43,360 - ptz_service - INFO - PTZ continuous_move camera=camera1, x=1.0, y=0.0, zoom=0.0
2025-12-05 18:08:44,833 - ptz_service - INFO - PTZ stop camera=camera1, azimut=None
2025-12-05 18:08:50,248 - ptz_service - INFO - PTZ continuous_move camera=camera1, x=-1.0, y=0.0, zoom=0.0
2025-12-05 18:08:51,332 - ptz_service - INFO - PTZ stop camera=camera1, azimut=None
2025-12-05 18:08:53,595 - ptz_service - INFO - PTZ continuous_move camera=camera1, x=-1.0, y=0.0, zoom=0.0
2025-12-05 18:08:54,256 - ptz_service - INFO - PTZ stop camera=camera1, azimut=None
2025-12-05 18:08:54,343 - ptz_service - INFO - PTZ continuous_move camera=camera1, x=-1.0, y=0.0, zoom=0.0
2025-12-05 18:08:57,460 - ptz_service - INFO - PTZ stop camera=camera1, azimut=None
2025-12-05 18:09:07,904 - ptz_service - INFO - PTZ set_zoom camera=camera1, delta=-0.03
2025-12-05 18:09:08,033 - ptz_service - INFO - PTZ set_zoom camera=camera1, delta=-0.03
2025-12-05 18:09:08,302 - ptz_service - INFO - PTZ set_zoom camera=camera1, delta=-0.03
2025-12-05 18:09:08,450 - ptz_service - INFO - PTZ set_zoom camera=camera1, delta=-0.03
2025-12-05 18:09:08,590 - ptz_service - INFO - PTZ set_zoom camera=camera1, delta=-0.03
2025-12-05 18:09:52,559 - ptz_service - INFO - PTZ continuous_move camera=camera1, x=1.0, y=0.0, zoom=0.0
2025-12-05 18:09:53,029 - ptz_service - INFO - PTZ stop camera=camera1, azimut=None
2025-12-05 18:09:54,871 - ptz_service - INFO - PTZ continuous_move camera=camera1, x=1.0, y=0.0, zoom=0.0
2025-12-05 18:09:55,113 - ptz_service - INFO - PTZ stop camera=camera1, azimut=None
2025-12-05 18:11:14,325 - ptz_service - INFO - PTZ continuous_move camera=camera1, x=-1.0, y=0.0, zoom=0.0
2025-12-05 18:11:14,608 - ptz_service - INFO - PTZ stop camera=camera1, azimut=None
2025-12-05 18:11:15,017 - ptz_service - INFO - PTZ continuous_move camera=camera1, x=0.0, y=1.0, zoom=0.0
2025-12-05 18:11:15,179 - ptz_service - INFO - PTZ stop camera=camera1, azimut=None
2025-12-05 18:11:16,718 - ptz_service - INFO - PTZ continuous_move camera=camera1, x=0.0, y=1.0, zoom=0.0
2025-12-05 18:11:17,137 - ptz_service - INFO - PTZ stop camera=camera1, azimut=None
2025-12-05 18:13:40,724 - ptz_service - INFO - PTZ continuous_move camera=camera1, x=0.0, y=1.0, zoom=0.0
2025-12-05 18:13:41,032 - ptz_service - INFO - PTZ stop camera=camera1, azimut=None
2025-12-05 18:13:54,925 - ptz_service - INFO - PTZ continuous_move camera=camera1, x=1.0, y=0.0, zoom=0.0
2025-12-05 18:13:55,312 - ptz_service - INFO - PTZ stop camera=camera1, azimut=None
2025-12-05 18:13:55,688 - ptz_service - INFO - PTZ continuous_move camera=camera1, x=1.0, y=0.0, zoom=0.0
2025-12-05 18:13:56,371 - ptz_service - INFO - PTZ stop camera=camera1, azimut=None
2025-12-05 18:13:56,998 - ptz_service - INFO - PTZ continuous_move camera=camera1, x=1.0, y=0.0, zoom=0.0
2025-12-05 18:13:58,025 - ptz_service - INFO - PTZ stop camera=camera1, azimut=None
2025-12-05 18:13:59,402 - ptz_service - INFO - PTZ continuous_move camera=camera1, x=1.0, y=0.0, zoom=0.0
2025-12-05 18:14:01,012 - ptz_service - INFO - PTZ stop camera=camera1, azimut=None
2025-12-05 18:14:02,069 - ptz_service - INFO - PTZ continuous_move camera=camera1, x=1.0, y=0.0, zoom=0.0
2025-12-05 18:14:02,269 - ptz_service - INFO - PTZ stop camera=camera1, azimut=None
2025-12-05 18:14:30,972 - ptz_service - INFO - PTZ continuous_move camera=camera1, x=-1.0, y=0.0, zoom=0.0
2025-12-05 18:14:31,318 - ptz_service - INFO - PTZ stop camera=camera1, azimut=None
2025-12-05 18:31:21,035 - ptz_service - INFO - PTZ continuous_move camera=camera1, x=1.0, y=0.0, zoom=0.0
2025-12-05 18:31:22,333 - ptz_service - INFO - PTZ stop camera=camera1, azimut=None
2025-12-05 18:32:16,142 - ptz_service - INFO - PTZ stop camera=camera1, azimut=None
2025-12-05 18:32:17,899 - ptz_service - INFO - PTZ continuous_move camera=camera1, x=0.0, y=1.0, zoom=0.0
2025-12-05 18:32:18,582 - ptz_service - INFO - PTZ stop camera=camera1, azimut=None
2025-12-05 18:32:18,878 - ptz_service - INFO - PTZ continuous_move camera=camera1, x=0.0, y=1.0, zoom=0.0
2025-12-05 18:32:19,515 - ptz_service - INFO - PTZ stop camera=camera1, azimut=None
2025-12-05 18:32:19,720 - ptz_service - INFO - PTZ continuous_move camera=camera1, x=0.0, y=1.0, zoom=0.0
2025-12-05 18:32:20,157 - ptz_service - INFO - PTZ stop camera=camera1, azimut=None
2025-12-05 18:32:20,454 - ptz_service - INFO - PTZ continuous_move camera=camera1, x=0.0, y=1.0, zoom=0.0
2025-12-05 18:32:20,754 - ptz_service - INFO - PTZ stop camera=camera1, azimut=None
2025-12-05 18:33:50,082 - ptz_service - INFO - PTZ continuous_move camera=camera1, x=0.0, y=-1.0, zoom=0.0
2025-12-05 18:33:50,644 - ptz_service - INFO - PTZ stop camera=camera1, azimut=None
2025-12-05 18:33:50,910 - ptz_service - INFO - PTZ continuous_move camera=camera1, x=0.0, y=-1.0, zoom=0.0
2025-12-05 18:33:51,278 - ptz_service - INFO - PTZ stop camera=camera1, azimut=None
2025-12-05 18:33:51,657 - ptz_service - INFO - PTZ continuous_move camera=camera1, x=0.0, y=-1.0, zoom=0.0
2025-12-05 18:33:51,925 - ptz_service - INFO - PTZ stop camera=camera1, azimut=None
2025-12-05 18:34:15,336 - ptz_service - INFO - PTZ set_zoom camera=camera1, delta=-0.03
2025-12-05 18:34:15,464 - ptz_service - INFO - PTZ set_zoom camera=camera1, delta=-0.03
2025-12-05 18:34:15,641 - ptz_service - INFO - PTZ set_zoom camera=camera1, delta=-0.03
2025-12-05 18:34:15,769 - ptz_service - INFO - PTZ set_zoom camera=camera1, delta=-0.03
2025-12-05 18:34:15,914 - ptz_service - INFO - PTZ set_zoom camera=camera1, delta=-0.03
2025-12-05 18:34:16,042 - ptz_service - INFO - PTZ set_zoom camera=camera1, delta=-0.03
2025-12-05 18:34:16,171 - ptz_service - INFO - PTZ set_zoom camera=camera1, delta=-0.03
2025-12-05 18:34:16,608 - ptz_service - INFO - PTZ set_zoom camera=camera1, delta=-0.03
2025-12-05 18:34:16,737 - ptz_service - INFO - PTZ set_zoom camera=camera1, delta=-0.03
2025-12-05 18:34:21,719 - ptz_service - INFO - PTZ continuous_move camera=camera1, x=-1.0, y=0.0, zoom=0.0
2025-12-05 18:34:22,639 - ptz_service - INFO - PTZ stop camera=camera1, azimut=None
2025-12-05 18:34:23,034 - ptz_service - INFO - PTZ continuous_move camera=camera1, x=-1.0, y=0.0, zoom=0.0
2025-12-05 18:34:23,719 - ptz_service - INFO - PTZ stop camera=camera1, azimut=None
2025-12-05 18:34:23,963 - ptz_service - INFO - PTZ continuous_move camera=camera1, x=-1.0, y=0.0, zoom=0.0
2025-12-05 18:34:26,724 - ptz_service - INFO - PTZ stop camera=camera1, azimut=None
2025-12-05 18:34:29,001 - ptz_service - INFO - PTZ continuous_move camera=camera1, x=1.0, y=0.0, zoom=0.0
2025-12-05 18:34:29,786 - ptz_service - INFO - PTZ stop camera=camera1, azimut=None
2025-12-05 18:34:31,365 - ptz_service - INFO - PTZ continuous_move camera=camera1, x=1.0, y=0.0, zoom=0.0
2025-12-05 18:34:31,792 - ptz_service - INFO - PTZ stop camera=camera1, azimut=None
2025-12-05 18:34:33,469 - ptz_service - INFO - PTZ continuous_move camera=camera1, x=0.0, y=1.0, zoom=0.0
2025-12-05 18:34:34,067 - ptz_service - INFO - PTZ stop camera=camera1, azimut=None
2025-12-05 18:34:34,430 - ptz_service - INFO - PTZ continuous_move camera=camera1, x=0.0, y=1.0, zoom=0.0
2025-12-05 18:34:34,695 - ptz_service - INFO - PTZ stop camera=camera1, azimut=None
2025-12-05 18:34:34,863 - ptz_service - INFO - PTZ continuous_move camera=camera1, x=0.0, y=1.0, zoom=0.0
2025-12-05 18:34:35,120 - ptz_service - INFO - PTZ stop camera=camera1, azimut=None
2025-12-05 18:34:36,476 - ptz_service - INFO - PTZ continuous_move camera=camera1, x=1.0, y=0.0, zoom=0.0
2025-12-05 18:34:36,798 - ptz_service - INFO - PTZ stop camera=camera1, azimut=None
2025-12-05 18:34:43,193 - ptz_service - INFO - PTZ continuous_move camera=camera1, x=-1.0, y=0.0, zoom=0.0
2025-12-05 18:34:44,248 - ptz_service - INFO - PTZ stop camera=camera1, azimut=None
2025-12-05 18:34:45,614 - ptz_service - INFO - PTZ continuous_move camera=camera1, x=-1.0, y=0.0, zoom=0.0
2025-12-05 18:34:46,001 - ptz_service - INFO - PTZ stop camera=camera1, azimut=None
2025-12-05 18:34:46,339 - ptz_service - INFO - PTZ continuous_move camera=camera1, x=0.0, y=-1.0, zoom=0.0
2025-12-05 18:34:47,060 - ptz_service - INFO - PTZ stop camera=camera1, azimut=None
2025-12-05 18:34:47,433 - ptz_service - INFO - PTZ continuous_move camera=camera1, x=0.0, y=-1.0, zoom=0.0
2025-12-05 18:34:47,716 - ptz_service - INFO - PTZ stop camera=camera1, azimut=None
2025-12-05 18:35:24,969 - ptz_service - INFO - PTZ stop camera=camera1, azimut=None
2025-12-05 18:35:25,627 - ptz_service - INFO - PTZ continuous_move camera=camera1, x=0.0, y=1.0, zoom=0.0
2025-12-05 18:35:26,295 - ptz_service - INFO - PTZ stop camera=camera1, azimut=None
2025-12-05 18:35:26,481 - ptz_service - INFO - PTZ continuous_move camera=camera1, x=0.0, y=1.0, zoom=0.0
2025-12-05 18:35:27,079 - ptz_service - INFO - PTZ stop camera=camera1, azimut=None
2025-12-05 18:35:27,181 - ptz_service - INFO - PTZ continuous_move camera=camera1, x=0.0, y=1.0, zoom=0.0
2025-12-05 18:35:27,361 - ptz_service - INFO - PTZ stop camera=camera1, azimut=None
2025-12-05 18:35:27,458 - ptz_service - INFO - PTZ continuous_move camera=camera1, x=0.0, y=1.0, zoom=0.0
2025-12-05 18:35:27,630 - ptz_service - INFO - PTZ stop camera=camera1, azimut=None
2025-12-05 18:35:27,635 - ptz_service - INFO - PTZ continuous_move camera=camera1, x=0.0, y=1.0, zoom=0.0
2025-12-05 18:35:27,964 - ptz_service - INFO - PTZ stop camera=camera1, azimut=None
2025-12-05 18:35:28,058 - ptz_service - INFO - PTZ continuous_move camera=camera1, x=0.0, y=1.0, zoom=0.0
2025-12-05 18:35:28,223 - ptz_service - INFO - PTZ stop camera=camera1, azimut=None
2025-12-05 18:35:28,623 - ptz_service - INFO - PTZ continuous_move camera=camera1, x=0.0, y=1.0, zoom=0.0
2025-12-05 18:35:28,911 - ptz_service - INFO - PTZ stop camera=camera1, azimut=None
2025-12-05 18:39:45,217 - ptz_service - INFO - PTZ continuous_move camera=camera1, x=0.0, y=1.0, zoom=0.0
2025-12-05 18:39:46,098 - ptz_service - INFO - PTZ stop camera=camera1, azimut=None
2025-12-05 18:39:46,139 - ptz_service - INFO - PTZ continuous_move camera=camera1, x=-1.0, y=0.0, zoom=0.0
2025-12-05 18:39:48,110 - ptz_service - INFO - PTZ stop camera=camera1, azimut=None
2025-12-05 18:39:48,192 - ptz_service - INFO - PTZ continuous_move camera=camera1, x=0.0, y=1.0, zoom=0.0
2025-12-05 18:39:49,636 - ptz_service - INFO - PTZ stop camera=camera1, azimut=None
2025-12-05 18:45:32,263 - ptz_service - INFO - PTZ continuous_move camera=camera1, x=-1.0, y=0.0, zoom=0.0
2025-12-05 18:45:35,203 - ptz_service - INFO - PTZ stop camera=camera1, azimut=None
2025-12-08 16:52:09,767 - ptz_service - INFO - PTZ continuous_move camera=camera1, x=1.0, y=0.0, zoom=0.0
2025-12-08 16:52:11,057 - ptz_service - INFO - PTZ stop camera=camera1, azimut=None
2025-12-08 16:52:12,886 - ptz_service - INFO - PTZ continuous_move camera=camera1, x=1.0, y=0.0, zoom=0.0
2025-12-08 16:52:13,038 - ptz_service - INFO - PTZ stop camera=camera1, azimut=None
2025-12-08 16:52:14,084 - ptz_service - INFO - PTZ set_zoom camera=camera1, delta=-0.03
2025-12-08 16:52:14,213 - ptz_service - INFO - PTZ set_zoom camera=camera1, delta=-0.03
2025-12-08 16:52:14,345 - ptz_service - INFO - PTZ set_zoom camera=camera1, delta=-0.03
2025-12-08 16:52:15,219 - ptz_service - INFO - PTZ set_zoom camera=camera1, delta=-0.03
2025-12-08 16:52:15,366 - ptz_service - INFO - PTZ set_zoom camera=camera1, delta=-0.03
2025-12-08 16:52:15,510 - ptz_service - INFO - PTZ set_zoom camera=camera1, delta=-0.03
2025-12-08 16:52:15,704 - ptz_service - INFO - PTZ set_zoom camera=camera1, delta=-0.03
2025-12-08 16:52:15,863 - ptz_service - INFO - PTZ set_zoom camera=camera1, delta=-0.03
2025-12-08 16:52:16,026 - ptz_service - INFO - PTZ set_zoom camera=camera1, delta=-0.03
2025-12-08 16:52:16,151 - ptz_service - INFO - PTZ set_zoom camera=camera1, delta=-0.03
2025-12-08 16:52:16,437 - ptz_service - INFO - PTZ set_zoom camera=camera1, delta=-0.03
2025-12-08 16:52:16,811 - ptz_service - INFO - PTZ continuous_move camera=camera1, x=0.0, y=-1.0, zoom=0.0
2025-12-08 16:52:16,877 - ptz_service - INFO - PTZ stop camera=camera1, azimut=None
2025-12-08 16:52:16,940 - ptz_service - INFO - PTZ continuous_move camera=camera1, x=1.0, y=0.0, zoom=0.0
2025-12-08 16:52:17,099 - ptz_service - INFO - PTZ stop camera=camera1, azimut=None
2025-12-08 16:52:17,232 - ptz_service - INFO - PTZ continuous_move camera=camera1, x=1.0, y=0.0, zoom=0.0
2025-12-08 16:52:17,575 - ptz_service - INFO - PTZ stop camera=camera1, azimut=None
2025-12-08 16:52:18,528 - ptz_service - INFO - PTZ continuous_move camera=camera1, x=1.0, y=0.0, zoom=0.0
2025-12-08 16:52:18,723 - ptz_service - INFO - PTZ stop camera=camera1, azimut=None
2025-12-08 16:52:20,819 - ptz_service - INFO - PTZ continuous_move camera=camera1, x=1.0, y=0.0, zoom=0.0
2025-12-08 16:52:21,315 - ptz_service - INFO - PTZ stop camera=camera1, azimut=None
2025-12-08 16:52:21,575 - ptz_service - INFO - PTZ continuous_move camera=camera1, x=1.0, y=0.0, zoom=0.0
2025-12-08 16:52:22,130 - ptz_service - INFO - PTZ stop camera=camera1, azimut=None
2025-12-08 16:52:24,265 - ptz_service - INFO - PTZ continuous_move camera=camera1, x=1.0, y=0.0, zoom=0.0
2025-12-08 16:52:25,130 - ptz_service - INFO - PTZ stop camera=camera1, azimut=None
2025-12-08 16:52:51,669 - ptz_service - INFO - PTZ continuous_move camera=camera1, x=1.0, y=0.0, zoom=0.0
2025-12-08 16:52:52,351 - ptz_service - INFO - PTZ stop camera=camera1, azimut=None
2025-12-08 16:53:17,174 - ptz_service - INFO - PTZ set_zoom camera=camera1, delta=0.03
2025-12-08 16:53:17,314 - ptz_service - INFO - PTZ set_zoom camera=camera1, delta=0.03
2025-12-08 16:53:17,490 - ptz_service - INFO - PTZ set_zoom camera=camera1, delta=0.03
2025-12-08 16:53:17,663 - ptz_service - INFO - PTZ set_zoom camera=camera1, delta=0.03
2025-12-08 16:53:17,837 - ptz_service - INFO - PTZ set_zoom camera=camera1, delta=0.03
2025-12-08 16:53:18,150 - ptz_service - INFO - PTZ set_zoom camera=camera1, delta=0.03
2025-12-08 16:53:18,311 - ptz_service - INFO - PTZ set_zoom camera=camera1, delta=0.03
2025-12-08 16:53:18,453 - ptz_service - INFO - PTZ set_zoom camera=camera1, delta=0.03
2025-12-08 16:53:18,679 - ptz_service - INFO - PTZ set_zoom camera=camera1, delta=0.03
2025-12-08 16:53:19,730 - ptz_service - INFO - PTZ set_zoom camera=camera1, delta=0.03
2025-12-08 16:53:19,887 - ptz_service - INFO - PTZ set_zoom camera=camera1, delta=0.03
2025-12-08 16:53:20,043 - ptz_service - INFO - PTZ set_zoom camera=camera1, delta=0.03
2025-12-08 16:53:20,199 - ptz_service - INFO - PTZ set_zoom camera=camera1, delta=0.03
2025-12-08 16:53:20,344 - ptz_service - INFO - PTZ set_zoom camera=camera1, delta=0.03
2025-12-08 16:53:20,489 - ptz_service - INFO - PTZ set_zoom camera=camera1, delta=0.03
2025-12-08 16:53:20,711 - ptz_service - INFO - PTZ set_zoom camera=camera1, delta=0.03
2025-12-08 16:53:23,457 - ptz_service - INFO - PTZ set_zoom camera=camera1, delta=0.03
2025-12-08 16:53:23,617 - ptz_service - INFO - PTZ set_zoom camera=camera1, delta=0.03
2025-12-08 16:53:23,774 - ptz_service - INFO - PTZ set_zoom camera=camera1, delta=0.03
2025-12-08 16:53:23,997 - ptz_service - INFO - PTZ set_zoom camera=camera1, delta=0.03
2025-12-08 16:58:39,231 - ptz_service - INFO - PTZ set_zoom camera=camera1, delta=-0.03
2025-12-08 16:58:39,355 - ptz_service - INFO - PTZ set_zoom camera=camera1, delta=-0.03
2025-12-08 16:58:39,480 - ptz_service - INFO - PTZ set_zoom camera=camera1, delta=-0.03
2025-12-08 16:58:39,707 - ptz_service - INFO - PTZ set_zoom camera=camera1, delta=-0.03
2025-12-08 16:58:39,833 - ptz_service - INFO - PTZ set_zoom camera=camera1, delta=-0.03
2025-12-08 16:58:39,961 - ptz_service - INFO - PTZ set_zoom camera=camera1, delta=-0.03
2025-12-08 16:58:40,088 - ptz_service - INFO - PTZ set_zoom camera=camera1, delta=-0.03
2025-12-08 16:58:40,233 - ptz_service - INFO - PTZ set_zoom camera=camera1, delta=-0.03
2025-12-08 16:58:40,362 - ptz_service - INFO - PTZ set_zoom camera=camera1, delta=-0.03
2025-12-08 16:58:40,521 - ptz_service - INFO - PTZ set_zoom camera=camera1, delta=-0.03
2025-12-08 16:58:40,649 - ptz_service - INFO - PTZ set_zoom camera=camera1, delta=-0.03
2025-12-08 16:58:40,791 - ptz_service - INFO - PTZ set_zoom camera=camera1, delta=-0.03
2025-12-08 16:58:40,918 - ptz_service - INFO - PTZ set_zoom camera=camera1, delta=-0.03
2025-12-08 16:58:41,061 - ptz_service - INFO - PTZ set_zoom camera=camera1, delta=-0.03
2025-12-08 16:58:41,203 - ptz_service - INFO - PTZ set_zoom camera=camera1, delta=-0.03
2025-12-08 16:58:41,349 - ptz_service - INFO - PTZ set_zoom camera=camera1, delta=-0.03
2025-12-08 16:58:41,508 - ptz_service - INFO - PTZ set_zoom camera=camera1, delta=-0.03
2025-12-08 16:58:41,649 - ptz_service - INFO - PTZ set_zoom camera=camera1, delta=-0.03
2025-12-08 16:58:41,805 - ptz_service - INFO - PTZ set_zoom camera=camera1, delta=-0.03
2025-12-08 16:58:41,961 - ptz_service - INFO - PTZ set_zoom camera=camera1, delta=-0.03
2025-12-08 16:58:42,106 - ptz_service - INFO - PTZ set_zoom camera=camera1, delta=-0.03
2025-12-08 16:58:42,246 - ptz_service - INFO - PTZ set_zoom camera=camera1, delta=-0.03
2025-12-08 16:58:42,392 - ptz_service - INFO - PTZ set_zoom camera=camera1, delta=-0.03
2025-12-08 16:58:42,520 - ptz_service - INFO - PTZ set_zoom camera=camera1, delta=-0.03
2025-12-08 16:58:42,680 - ptz_service - INFO - PTZ set_zoom camera=camera1, delta=-0.03
2025-12-08 16:58:42,837 - ptz_service - INFO - PTZ set_zoom camera=camera1, delta=-0.03
2025-12-08 16:58:42,980 - ptz_service - INFO - PTZ set_zoom camera=camera1, delta=-0.03
2025-12-08 16:58:43,143 - ptz_service - INFO - PTZ set_zoom camera=camera1, delta=-0.03
2025-12-08 16:58:43,286 - ptz_service - INFO - PTZ set_zoom camera=camera1, delta=-0.03
2025-12-08 16:58:43,442 - ptz_service - INFO - PTZ set_zoom camera=camera1, delta=-0.03
2025-12-08 16:58:43,582 - ptz_service - INFO - PTZ set_zoom camera=camera1, delta=-0.03
2025-12-08 16:58:43,726 - ptz_service - INFO - PTZ set_zoom camera=camera1, delta=-0.03
2025-12-08 16:58:43,867 - ptz_service - INFO - PTZ set_zoom camera=camera1, delta=-0.03
2025-12-08 16:58:44,010 - ptz_service - INFO - PTZ set_zoom camera=camera1, delta=-0.03
2025-12-08 17:10:23,746 - ptz_service - INFO - PTZ continuous_move camera=camera1, x=1.0, y=0.0, zoom=0.0
2025-12-08 17:10:25,017 - ptz_service - INFO - PTZ stop camera=camera1, azimut=None
2025-12-08 17:10:31,695 - ptz_service - INFO - Restart PTZ controller before move: camera1
2025-12-08 17:10:31,698 - ptz_service - INFO - PTZ camera1 moved to azimuth 179.19
2025-12-08 17:10:37,938 - ptz_service - INFO - Restart PTZ controller before move: camera1
2025-12-08 17:10:37,940 - ptz_service - INFO - PTZ camera1 moved to azimuth 251.61
2025-12-08 17:10:41,045 - ptz_service - INFO - Restart PTZ controller before move: camera1
2025-12-08 17:10:41,049 - ptz_service - INFO - PTZ camera1 moved to azimuth 251.95
2025-12-08 17:10:43,124 - ptz_service - INFO - Restart PTZ controller before move: camera1
2025-12-08 17:10:43,128 - ptz_service - INFO - PTZ camera1 moved to azimuth 251.95
2025-12-08 17:10:47,079 - ptz_service - INFO - Restart PTZ controller before move: camera1
2025-12-08 17:10:47,081 - ptz_service - INFO - PTZ camera1 moved to azimuth 252.67
2025-12-08 17:11:01,619 - ptz_service - INFO - Restart PTZ controller before move: camera1
2025-12-08 17:11:01,622 - ptz_service - INFO - PTZ camera1 moved to azimuth 252.67
2025-12-08 17:11:16,423 - ptz_service - INFO - Restart PTZ controller before move: camera1
2025-12-08 17:11:16,424 - ptz_service - INFO - PTZ camera1 moved to azimuth 249.68
2025-12-08 17:11:21,194 - ptz_service - INFO - PTZ continuous_move camera=camera1, x=1.0, y=0.0, zoom=0.0
2025-12-08 17:11:22,180 - ptz_service - INFO - PTZ stop camera=camera1, azimut=None
2025-12-08 17:11:24,145 - ptz_service - INFO - PTZ continuous_move camera=camera1, x=1.0, y=0.0, zoom=0.0
2025-12-08 17:11:27,027 - ptz_service - INFO - PTZ stop camera=camera1, azimut=None
2025-12-08 17:11:30,631 - ptz_service - INFO - PTZ continuous_move camera=camera1, x=1.0, y=0.0, zoom=0.0
2025-12-08 17:11:30,981 - ptz_service - INFO - PTZ stop camera=camera1, azimut=None
2025-12-10 14:45:48,342 - ptz_service - INFO - PTZ continuous_move camera=camera1, x=-0.1, y=0.0, zoom=0.0
2025-12-10 14:46:07,225 - ptz_service - INFO - PTZ continuous_move camera=camera1, x=-1.0, y=0.0, zoom=0.0
2025-12-10 14:46:43,988 - ptz_service - INFO - PTZ stop camera=camera1, azimut=None
2026-01-13 12:36:18,473 - ptz_service - INFO - PTZ continuous_move camera=camera1, x=-1.0, y=0.0, zoom=0.0
2026-01-13 12:36:19,265 - ptz_service - INFO - PTZ stop camera=camera1, azimut=None
2026-01-13 12:36:20,346 - ptz_service - INFO - PTZ continuous_move camera=camera1, x=-1.0, y=0.0, zoom=0.0
2026-01-13 12:36:20,757 - ptz_service - INFO - PTZ stop camera=camera1, azimut=None
2026-01-13 12:36:21,699 - ptz_service - INFO - PTZ continuous_move camera=camera1, x=-1.0, y=0.0, zoom=0.0
2026-01-13 12:36:22,459 - ptz_service - INFO - PTZ stop camera=camera1, azimut=None
2026-01-13 12:36:27,254 - ptz_service - INFO - PTZ continuous_move camera=camera1, x=-1.0, y=0.0, zoom=0.0
2026-01-13 12:36:27,872 - ptz_service - INFO - PTZ stop camera=camera1, azimut=None
2026-01-13 12:36:30,666 - ptz_service - INFO - PTZ continuous_move camera=camera1, x=0.0, y=-1.0, zoom=0.0
2026-01-13 12:36:31,049 - ptz_service - INFO - PTZ stop camera=camera1, azimut=None
2026-01-13 12:36:31,103 - ptz_service - INFO - PTZ continuous_move camera=camera1, x=0.0, y=-1.0, zoom=0.0
2026-01-13 12:36:31,298 - ptz_service - INFO - PTZ stop camera=camera1, azimut=None
2026-01-13 12:36:33,817 - ptz_service - INFO - PTZ continuous_move camera=camera1, x=-1.0, y=0.0, zoom=0.0
2026-01-13 12:36:35,148 - ptz_service - INFO - PTZ stop camera=camera1, azimut=None
2026-01-13 12:36:37,502 - ptz_service - INFO - PTZ continuous_move camera=camera1, x=0.0, y=1.0, zoom=0.0
2026-01-13 12:36:37,966 - ptz_service - INFO - PTZ stop camera=camera1, azimut=None
2026-01-13 12:38:53,098 - ptz_service - INFO - PTZ continuous_move camera=camera1, x=-1.0, y=0.0, zoom=0.0
2026-01-13 12:38:53,713 - ptz_service - INFO - PTZ stop camera=camera1, azimut=None
2026-01-13 12:38:54,645 - ptz_service - INFO - PTZ continuous_move camera=camera1, x=1.0, y=0.0, zoom=0.0
2026-01-13 12:38:55,333 - ptz_service - INFO - PTZ stop camera=camera1, azimut=None
2026-01-13 12:40:16,658 - ptz_service - INFO - PTZ continuous_move camera=camera1, x=-1.0, y=0.0, zoom=0.0
2026-01-13 12:40:17,326 - ptz_service - INFO - PTZ stop camera=camera1, azimut=None
2026-01-13 12:40:19,385 - ptz_service - INFO - PTZ continuous_move camera=camera1, x=1.0, y=0.0, zoom=0.0
2026-01-13 12:40:19,948 - ptz_service - INFO - PTZ stop camera=camera1, azimut=None
2026-01-13 12:40:29,916 - ptz_service - INFO - PTZ set_zoom camera=camera1, delta=0.03
2026-01-13 12:40:30,072 - ptz_service - INFO - PTZ set_zoom camera=camera1, delta=0.03
2026-01-13 12:40:30,336 - ptz_service - INFO - PTZ set_zoom camera=camera1, delta=0.03
2026-01-13 12:40:30,461 - ptz_service - INFO - PTZ set_zoom camera=camera1, delta=0.03
2026-01-13 12:40:30,647 - ptz_service - INFO - PTZ set_zoom camera=camera1, delta=0.03
2026-01-13 12:40:30,787 - ptz_service - INFO - PTZ set_zoom camera=camera1, delta=0.03
2026-01-13 12:40:31,006 - ptz_service - INFO - PTZ set_zoom camera=camera1, delta=0.03
2026-01-13 12:40:31,333 - ptz_service - INFO - PTZ set_zoom camera=camera1, delta=0.03
2026-01-13 12:40:31,487 - ptz_service - INFO - PTZ set_zoom camera=camera1, delta=0.03
2026-01-13 12:40:32,391 - ptz_service - INFO - PTZ set_zoom camera=camera1, delta=-0.03
2026-01-13 12:40:32,547 - ptz_service - INFO - PTZ set_zoom camera=camera1, delta=-0.03
2026-01-13 12:40:32,704 - ptz_service - INFO - PTZ set_zoom camera=camera1, delta=-0.03
2026-01-13 12:40:32,862 - ptz_service - INFO - PTZ set_zoom camera=camera1, delta=-0.03
2026-01-13 12:40:32,986 - ptz_service - INFO - PTZ set_zoom camera=camera1, delta=-0.03
2026-01-13 12:40:33,172 - ptz_service - INFO - PTZ set_zoom camera=camera1, delta=-0.03
2026-01-13 12:40:33,328 - ptz_service - INFO - PTZ set_zoom camera=camera1, delta=-0.03
2026-01-13 12:40:33,483 - ptz_service - INFO - PTZ set_zoom camera=camera1, delta=-0.03
2026-01-13 12:40:33,654 - ptz_service - INFO - PTZ set_zoom camera=camera1, delta=-0.03
2026-01-13 12:40:33,824 - ptz_service - INFO - PTZ set_zoom camera=camera1, delta=-0.03
2026-01-13 12:40:33,992 - ptz_service - INFO - PTZ set_zoom camera=camera1, delta=-0.03
2026-01-13 12:40:34,150 - ptz_service - INFO - PTZ set_zoom camera=camera1, delta=-0.03
2026-01-13 12:40:34,308 - ptz_service - INFO - PTZ set_zoom camera=camera1, delta=-0.03
2026-01-13 12:40:34,464 - ptz_service - INFO - PTZ set_zoom camera=camera1, delta=-0.03
2026-01-13 12:40:34,606 - ptz_service - INFO - PTZ set_zoom camera=camera1, delta=-0.03
2026-01-13 12:40:49,006 - ptz_service - INFO - PTZ continuous_move camera=camera1, x=1.0, y=0.0, zoom=0.0
2026-01-13 12:40:49,696 - ptz_service - INFO - PTZ stop camera=camera1, azimut=None
2026-01-13 12:40:51,039 - ptz_service - INFO - PTZ continuous_move camera=camera1, x=1.0, y=0.0, zoom=0.0
2026-01-13 12:40:51,609 - ptz_service - INFO - PTZ stop camera=camera1, azimut=None
2026-01-13 12:40:52,817 - ptz_service - INFO - PTZ continuous_move camera=camera1, x=1.0, y=0.0, zoom=0.0
2026-01-13 12:40:53,418 - ptz_service - INFO - PTZ stop camera=camera1, azimut=None
2026-01-13 12:41:31,402 - ptz_service - INFO - PTZ continuous_move camera=camera1, x=-1.0, y=0.0, zoom=0.0
2026-01-13 12:41:32,077 - ptz_service - INFO - PTZ stop camera=camera1, azimut=None
2026-01-13 12:41:33,179 - ptz_service - INFO - PTZ continuous_move camera=camera1, x=-1.0, y=0.0, zoom=0.0
2026-01-13 12:41:33,812 - ptz_service - INFO - PTZ stop camera=camera1, azimut=None
2026-01-13 12:41:35,101 - ptz_service - INFO - PTZ continuous_move camera=camera1, x=-1.0, y=0.0, zoom=0.0
2026-01-13 12:41:35,677 - ptz_service - INFO - PTZ stop camera=camera1, azimut=None
2026-01-13 12:41:39,820 - ptz_service - INFO - PTZ continuous_move camera=camera1, x=-1.0, y=0.0, zoom=0.0
2026-01-13 12:41:41,156 - ptz_service - INFO - PTZ stop camera=camera1, azimut=None
2026-01-13 12:42:23,981 - ptz_service - INFO - PTZ continuous_move camera=camera2, x=-1.0, y=0.0, zoom=0.0
2026-01-13 12:42:24,691 - ptz_service - INFO - PTZ stop camera=camera2, azimut=None
2026-01-13 12:42:25,734 - ptz_service - INFO - PTZ continuous_move camera=camera2, x=1.0, y=0.0, zoom=0.0
2026-01-13 12:42:26,421 - ptz_service - INFO - PTZ stop camera=camera2, azimut=None
2026-01-13 12:47:35,062 - ptz_service - INFO - PTZ continuous_move camera=camera1, x=-1.0, y=0.0, zoom=0.0
2026-01-13 12:47:35,711 - ptz_service - INFO - PTZ stop camera=camera1, azimut=None
2026-01-13 12:51:07,438 - ptz_service - INFO - PTZ continuous_move camera=camera1, x=-1.0, y=0.0, zoom=0.0
2026-01-13 12:51:07,972 - ptz_service - INFO - PTZ stop camera=camera1, azimut=None
2026-01-13 12:51:26,176 - ptz_service - INFO - PTZ continuous_move camera=camera1, x=-1.0, y=0.0, zoom=0.0
2026-01-13 12:51:26,592 - ptz_service - INFO - PTZ stop camera=camera1, azimut=None
2026-01-13 12:51:32,146 - ptz_service - INFO - PTZ continuous_move camera=camera1, x=1.0, y=0.0, zoom=0.0
2026-01-13 12:51:32,586 - ptz_service - INFO - PTZ stop camera=camera1, azimut=None
2026-01-13 12:54:02,136 - ptz_service - INFO - PTZ continuous_move camera=camera1, x=-1.0, y=0.0, zoom=0.0
2026-01-13 12:54:02,600 - ptz_service - INFO - PTZ stop camera=camera1, azimut=None
2026-01-13 12:54:03,893 - ptz_service - INFO - PTZ continuous_move camera=camera1, x=1.0, y=0.0, zoom=0.0
2026-01-13 12:54:04,511 - ptz_service - INFO - PTZ stop camera=camera1, azimut=None
2026-01-13 12:54:22,412 - ptz_service - INFO - PTZ set_zoom camera=camera1, delta=0.03
2026-01-13 12:54:22,569 - ptz_service - INFO - PTZ set_zoom camera=camera1, delta=0.03
2026-01-13 12:54:22,727 - ptz_service - INFO - PTZ set_zoom camera=camera1, delta=0.03
2026-01-13 12:54:22,869 - ptz_service - INFO - PTZ set_zoom camera=camera1, delta=0.03
2026-01-13 12:54:23,012 - ptz_service - INFO - PTZ set_zoom camera=camera1, delta=0.03
2026-01-13 12:54:23,136 - ptz_service - INFO - PTZ set_zoom camera=camera1, delta=0.03
2026-01-13 12:54:23,325 - ptz_service - INFO - PTZ set_zoom camera=camera1, delta=0.03
2026-01-13 12:54:23,452 - ptz_service - INFO - PTZ set_zoom camera=camera1, delta=0.03
2026-01-13 12:54:23,609 - ptz_service - INFO - PTZ set_zoom camera=camera1, delta=0.03
2026-01-13 12:54:23,734 - ptz_service - INFO - PTZ set_zoom camera=camera1, delta=0.03
2026-01-13 12:54:23,937 - ptz_service - INFO - PTZ set_zoom camera=camera1, delta=0.03
2026-01-13 12:54:24,063 - ptz_service - INFO - PTZ set_zoom camera=camera1, delta=0.03
2026-01-13 12:54:24,202 - ptz_service - INFO - PTZ set_zoom camera=camera1, delta=0.03
2026-01-13 12:54:24,330 - ptz_service - INFO - PTZ set_zoom camera=camera1, delta=0.03
2026-01-13 12:54:24,484 - ptz_service - INFO - PTZ set_zoom camera=camera1, delta=0.03
2026-01-13 12:54:24,642 - ptz_service - INFO - PTZ set_zoom camera=camera1, delta=0.03
2026-01-13 12:54:24,799 - ptz_service - INFO - PTZ set_zoom camera=camera1, delta=0.03
2026-01-13 12:54:24,955 - ptz_service - INFO - PTZ set_zoom camera=camera1, delta=0.03
2026-01-13 12:54:25,112 - ptz_service - INFO - PTZ set_zoom camera=camera1, delta=0.03
2026-01-13 12:54:25,269 - ptz_service - INFO - PTZ set_zoom camera=camera1, delta=0.03
2026-01-13 12:54:25,410 - ptz_service - INFO - PTZ set_zoom camera=camera1, delta=0.03
2026-01-13 12:54:25,550 - ptz_service - INFO - PTZ set_zoom camera=camera1, delta=0.03
2026-01-13 12:54:25,706 - ptz_service - INFO - PTZ set_zoom camera=camera1, delta=0.03
2026-01-13 12:54:25,846 - ptz_service - INFO - PTZ set_zoom camera=camera1, delta=0.03
2026-01-13 12:54:26,004 - ptz_service - INFO - PTZ set_zoom camera=camera1, delta=0.03
2026-01-13 12:54:26,146 - ptz_service - INFO - PTZ set_zoom camera=camera1, delta=0.03
2026-01-13 12:54:26,317 - ptz_service - INFO - PTZ set_zoom camera=camera1, delta=0.03
2026-01-13 12:54:26,440 - ptz_service - INFO - PTZ set_zoom camera=camera1, delta=0.03
2026-01-13 12:54:26,565 - ptz_service - INFO - PTZ set_zoom camera=camera1, delta=0.03
2026-01-13 12:54:26,689 - ptz_service - INFO - PTZ set_zoom camera=camera1, delta=0.03
2026-01-13 12:54:26,858 - ptz_service - INFO - PTZ set_zoom camera=camera1, delta=0.03
2026-01-13 12:54:27,012 - ptz_service - INFO - PTZ set_zoom camera=camera1, delta=0.03
2026-01-13 12:54:27,137 - ptz_service - INFO - PTZ set_zoom camera=camera1, delta=0.03
2026-01-13 12:54:27,299 - ptz_service - INFO - PTZ set_zoom camera=camera1, delta=0.03
2026-01-13 12:54:27,458 - ptz_service - INFO - PTZ set_zoom camera=camera1, delta=0.03
2026-01-13 12:54:27,618 - ptz_service - INFO - PTZ set_zoom camera=camera1, delta=0.03
2026-01-13 12:54:27,778 - ptz_service - INFO - PTZ set_zoom camera=camera1, delta=0.03
2026-01-13 12:54:27,933 - ptz_service - INFO - PTZ set_zoom camera=camera1, delta=0.03
2026-01-13 12:54:28,090 - ptz_service - INFO - PTZ set_zoom camera=camera1, delta=0.03
2026-01-13 12:54:28,230 - ptz_service - INFO - PTZ set_zoom camera=camera1, delta=0.03
2026-01-13 12:54:28,402 - ptz_service - INFO - PTZ set_zoom camera=camera1, delta=0.03
2026-01-13 12:54:28,559 - ptz_service - INFO - PTZ set_zoom camera=camera1, delta=0.03
2026-01-13 12:54:28,721 - ptz_service - INFO - PTZ set_zoom camera=camera1, delta=0.03
2026-01-13 12:54:28,893 - ptz_service - INFO - PTZ set_zoom camera=camera1, delta=0.03
2026-01-13 12:54:29,025 - ptz_service - INFO - PTZ set_zoom camera=camera1, delta=0.03
2026-01-13 12:54:29,244 - ptz_service - INFO - PTZ set_zoom camera=camera1, delta=0.03
2026-01-13 12:54:32,480 - ptz_service - INFO - PTZ set_zoom camera=camera1, delta=-0.03
2026-01-13 12:54:32,604 - ptz_service - INFO - PTZ set_zoom camera=camera1, delta=-0.03
2026-01-13 12:54:32,822 - ptz_service - INFO - PTZ set_zoom camera=camera1, delta=-0.03
2026-01-13 12:57:52,809 - ptz_service - INFO - PTZ continuous_move camera=camera1, x=-1.0, y=0.0, zoom=0.0
2026-01-13 12:57:53,235 - ptz_service - INFO - PTZ stop camera=camera1, azimut=None
2026-01-13 12:57:55,284 - ptz_service - INFO - PTZ continuous_move camera=camera1, x=1.0, y=0.0, zoom=0.0
2026-01-13 12:57:55,848 - ptz_service - INFO - PTZ stop camera=camera1, azimut=None
2026-01-13 12:57:58,147 - ptz_service - INFO - PTZ continuous_move camera=camera1, x=-1.0, y=0.0, zoom=0.0
2026-01-13 12:57:58,577 - ptz_service - INFO - PTZ stop camera=camera1, azimut=None
2026-01-13 13:00:21,296 - ptz_service - INFO - PTZ set_zoom camera=camera1, delta=0.03
2026-01-13 13:00:21,566 - ptz_service - INFO - PTZ set_zoom camera=camera1, delta=0.03
2026-01-13 13:00:21,776 - ptz_service - INFO - PTZ set_zoom camera=camera1, delta=0.03
2026-01-13 13:00:22,947 - ptz_service - INFO - PTZ set_zoom camera=camera1, delta=0.03
2026-01-13 13:00:23,166 - ptz_service - INFO - PTZ set_zoom camera=camera1, delta=0.03
2026-01-13 13:00:23,373 - ptz_service - INFO - PTZ set_zoom camera=camera1, delta=0.03
2026-01-13 13:00:23,577 - ptz_service - INFO - PTZ set_zoom camera=camera1, delta=0.03
2026-01-13 13:00:23,796 - ptz_service - INFO - PTZ set_zoom camera=camera1, delta=0.03
2026-01-13 13:00:24,015 - ptz_service - INFO - PTZ set_zoom camera=camera1, delta=0.03
2026-01-13 13:00:24,222 - ptz_service - INFO - PTZ set_zoom camera=camera1, delta=0.03
2026-01-13 13:00:24,426 - ptz_service - INFO - PTZ set_zoom camera=camera1, delta=0.03
2026-01-13 13:00:24,650 - ptz_service - INFO - PTZ set_zoom camera=camera1, delta=0.03
2026-01-13 13:00:24,871 - ptz_service - INFO - PTZ set_zoom camera=camera1, delta=0.03
2026-01-13 13:00:28,416 - ptz_service - INFO - PTZ set_zoom camera=camera1, delta=0.03
2026-01-13 13:00:28,608 - ptz_service - INFO - PTZ set_zoom camera=camera1, delta=0.03
2026-01-13 13:00:28,827 - ptz_service - INFO - PTZ set_zoom camera=camera1, delta=0.03
2026-01-13 13:03:32,534 - ptz_service - INFO - PTZ set_zoom camera=camera1, delta=-0.03
2026-01-13 13:03:32,723 - ptz_service - INFO - PTZ set_zoom camera=camera1, delta=-0.03
2026-01-13 13:03:32,879 - ptz_service - INFO - PTZ set_zoom camera=camera1, delta=-0.03
2026-01-13 13:03:33,057 - ptz_service - INFO - PTZ set_zoom camera=camera1, delta=-0.03
2026-01-13 13:03:33,187 - ptz_service - INFO - PTZ set_zoom camera=camera1, delta=-0.03
2026-01-13 13:03:33,358 - ptz_service - INFO - PTZ set_zoom camera=camera1, delta=-0.03
2026-01-13 13:03:33,539 - ptz_service - INFO - PTZ set_zoom camera=camera1, delta=-0.03
2026-01-13 13:03:33,709 - ptz_service - INFO - PTZ set_zoom camera=camera1, delta=-0.03
2026-01-13 13:03:33,835 - ptz_service - INFO - PTZ set_zoom camera=camera1, delta=-0.03
2026-01-13 13:03:33,990 - ptz_service - INFO - PTZ set_zoom camera=camera1, delta=-0.03
2026-01-13 13:03:34,401 - ptz_service - INFO - PTZ set_zoom camera=camera1, delta=-0.03
2026-01-13 13:03:34,716 - ptz_service - INFO - PTZ set_zoom camera=camera1, delta=-0.03
2026-01-13 13:03:34,875 - ptz_service - INFO - PTZ set_zoom camera=camera1, delta=-0.03
2026-01-13 13:03:35,031 - ptz_service - INFO - PTZ set_zoom camera=camera1, delta=-0.03
2026-01-13 13:03:35,189 - ptz_service - INFO - PTZ set_zoom camera=camera1, delta=-0.03
2026-01-13 13:03:35,346 - ptz_service - INFO - PTZ set_zoom camera=camera1, delta=-0.03
2026-01-13 13:03:35,488 - ptz_service - INFO - PTZ set_zoom camera=camera1, delta=-0.03
2026-01-13 13:03:35,674 - ptz_service - INFO - PTZ set_zoom camera=camera1, delta=-0.03
2026-01-13 13:03:35,815 - ptz_service - INFO - PTZ set_zoom camera=camera1, delta=-0.03
2026-01-13 13:03:35,989 - ptz_service - INFO - PTZ set_zoom camera=camera1, delta=-0.03
2026-01-13 13:03:36,118 - ptz_service - INFO - PTZ set_zoom camera=camera1, delta=-0.03
2026-01-13 13:03:36,341 - ptz_service - INFO - PTZ set_zoom camera=camera1, delta=-0.03
2026-01-13 13:03:37,217 - ptz_service - INFO - PTZ set_zoom camera=camera1, delta=-0.03
2026-01-13 13:03:37,390 - ptz_service - INFO - PTZ set_zoom camera=camera1, delta=-0.03
2026-01-13 13:03:37,579 - ptz_service - INFO - PTZ set_zoom camera=camera1, delta=-0.03
2026-01-13 13:03:37,799 - ptz_service - INFO - PTZ set_zoom camera=camera1, delta=-0.03
2026-01-13 13:07:12,354 - ptz_service - INFO - PTZ continuous_move camera=camera1, x=1.0, y=0.0, zoom=0.0
2026-01-13 13:07:12,752 - ptz_service - INFO - PTZ stop camera=camera1, azimut=None
2026-01-13 13:07:15,324 - ptz_service - INFO - PTZ continuous_move camera=camera1, x=-1.0, y=0.0, zoom=0.0
2026-01-13 13:07:15,758 - ptz_service - INFO - PTZ stop camera=camera1, azimut=None
